#
# There is insufficient memory for the Java Runtime Environment to continue.
# Native memory allocation (mmap) failed to map 65536 bytes. Error detail: Failed to commit metaspace.
# Possible reasons:
#   The system is out of physical RAM or swap space
#   This process is running with CompressedOops enabled, and the Java Heap may be blocking the growth of the native heap
# Possible solutions:
#   Reduce memory load on the system
#   Increase physical memory or swap space
#   Check if swap backing store is full
#   Decrease Java heap size (-Xmx/-Xms)
#   Decrease number of Java threads
#   Decrease Java thread stack sizes (-Xss)
#   Set larger code cache with -XX:ReservedCodeCacheSize=
#   JVM is running with Unscaled Compressed Oops mode in which the Java heap is
#     placed in the first 4GB address space. The Java Heap base address is the
#     maximum limit for the native heap growth. Please use -XX:HeapBaseMinAddress
#     to set the Java Heap base and to place the Java Heap above 4GB virtual address.
# This output file may be truncated or incomplete.
#
#  Out of Memory Error (virtualSpaceNode.cpp:113), pid=13204, tid=13472
#
# JRE version: OpenJDK Runtime Environment Temurin-21.0.6+7 (21.0.6+7) (build 21.0.6+7-LTS)
# Java VM: OpenJDK 64-Bit Server VM Temurin-21.0.6+7 (21.0.6+7-LTS, mixed mode, sharing, tiered, compressed oops, compressed class ptrs, parallel gc, windows-amd64)
# No core dump will be written. Minidumps are not enabled by default on client versions of Windows
#

---------------  S U M M A R Y ------------

Command Line: --add-modules=ALL-SYSTEM --add-opens=java.base/java.util=ALL-UNNAMED --add-opens=java.base/java.lang=ALL-UNNAMED --add-opens=java.base/sun.nio.fs=ALL-UNNAMED -Declipse.application=org.eclipse.jdt.ls.core.id1 -Dosgi.bundles.defaultStartLevel=4 -Declipse.product=org.eclipse.jdt.ls.core.product -Djava.import.generatesMetadataFilesAtProjectRoot=false -DDetectVMInstallationsJob.disabled=true -Dfile.encoding=utf8 -XX:+UseParallelGC -XX:GCTimeRatio=4 -XX:AdaptiveSizePolicyWeight=90 -Dsun.zip.disableMemoryMapping=true -Xmx1G -Xms100m -Xlog:disable -javaagent:c:\Users\Darnelle\.vscode\extensions\redhat.java-1.41.1-win32-x64\lombok\lombok-1.18.36.jar -XX:+HeapDumpOnOutOfMemoryError -XX:HeapDumpPath=c:\Users\Darnelle\AppData\Roaming\Code\User\workspaceStorage\81b9ab7934102c23ad3c2cfd07f69688\redhat.java -Daether.dependencyCollector.impl=bf c:\Users\Darnelle\.vscode\extensions\redhat.java-1.41.1-win32-x64\server\plugins\org.eclipse.equinox.launcher_1.7.0.v20250331-1702.jar -configuration c:\Users\Darnelle\AppData\Roaming\Code\User\globalStorage\redhat.java\1.41.1\config_win -data c:\Users\Darnelle\AppData\Roaming\Code\User\workspaceStorage\81b9ab7934102c23ad3c2cfd07f69688\redhat.java\jdt_ws --pipe=\\.\pipe\lsp-827f063ffce141b750d8577002df60d8-sock

Host: Intel(R) Celeron(R) N4020 CPU @ 1.10GHz, 2 cores, 3G,  Windows 11 , 64 bit Build 22000 (10.0.22000.2538)
Time: Sun May 18 19:26:54 2025 South Africa Standard Time elapsed time: 313.640448 seconds (0d 0h 5m 13s)

---------------  T H R E A D  ---------------

Current thread (0x000002b1f6c405b0):  JavaThread "Thread-345"        [_thread_in_vm, id=13472, stack(0x000000fec6000000,0x000000fec6100000) (1024K)]

Stack: [0x000000fec6000000,0x000000fec6100000]
Native frames: (J=compiled Java code, j=interpreted, Vv=VM code, C=native code)
V  [jvm.dll+0x6cdee9]
V  [jvm.dll+0x8a83d1]
V  [jvm.dll+0x8aa8fe]
V  [jvm.dll+0x8aafe3]
V  [jvm.dll+0x27f706]
V  [jvm.dll+0x8a411e]
V  [jvm.dll+0x670385]
V  [jvm.dll+0x1e472c]
V  [jvm.dll+0x1e44fe]
V  [jvm.dll+0x672c82]
V  [jvm.dll+0x672aa2]
V  [jvm.dll+0x670d5e]
V  [jvm.dll+0x26a730]
V  [jvm.dll+0x216107]
V  [jvm.dll+0x20bb8e]
V  [jvm.dll+0x5ae3ec]
V  [jvm.dll+0x821736]
V  [jvm.dll+0x471736]
V  [jvm.dll+0x477608]
C  [java.dll+0x17ec]

Java frames: (J=compiled Java code, j=interpreted, Vv=VM code)
J 1043  java.lang.ClassLoader.defineClass1(Ljava/lang/ClassLoader;Ljava/lang/String;[BIILjava/security/ProtectionDomain;Ljava/lang/String;)Ljava/lang/Class; java.base@21.0.6 (0 bytes) @ 0x000002b1e59cce91 [0x000002b1e59ccdc0+0x00000000000000d1]
J 2323 c1 java.lang.ClassLoader.defineClass(Ljava/lang/String;[BIILjava/security/ProtectionDomain;)Ljava/lang/Class; java.base@21.0.6 (43 bytes) @ 0x000002b1de2dc37c [0x000002b1de2dc020+0x000000000000035c]
J 2995 c1 org.eclipse.osgi.internal.loader.ModuleClassLoader.defineClass(Ljava/lang/String;[BLorg/eclipse/osgi/internal/loader/classpath/ClasspathEntry;)Lorg/eclipse/osgi/internal/loader/ModuleClassLoader$DefineClassResult; (67 bytes) @ 0x000002b1de497bbc [0x000002b1de4978a0+0x000000000000031c]
J 8532 c1 org.eclipse.osgi.internal.loader.classpath.ClasspathManager.defineClass(Ljava/lang/String;[BLorg/eclipse/osgi/internal/loader/classpath/ClasspathEntry;Lorg/eclipse/osgi/storage/bundlefile/BundleEntry;Ljava/util/List;)Ljava/lang/Class; (636 bytes) @ 0x000002b1de86c4e4 [0x000002b1de86aa40+0x0000000000001aa4]
J 4111 c2 org.eclipse.osgi.internal.loader.classpath.ClasspathManager.findClassImpl(Ljava/lang/String;Lorg/eclipse/osgi/internal/loader/classpath/ClasspathEntry;Ljava/util/List;)Ljava/lang/Class; (343 bytes) @ 0x000002b1e5b34cd4 [0x000002b1e5b32900+0x00000000000023d4]
J 4626 c2 org.eclipse.osgi.internal.loader.classpath.ClasspathManager.findLocalClass(Ljava/lang/String;)Ljava/lang/Class; (210 bytes) @ 0x000002b1e5bb2890 [0x000002b1e5bb2460+0x0000000000000430]
J 6304 c2 org.eclipse.osgi.internal.loader.BundleLoader.findLocalClass(Ljava/lang/String;)Ljava/lang/Class; (166 bytes) @ 0x000002b1e5c636d4 [0x000002b1e5c63640+0x0000000000000094]
J 5017 c2 org.eclipse.osgi.internal.loader.BundleLoader.findClass0(Ljava/lang/String;ZZ)Ljava/lang/Class; (491 bytes) @ 0x000002b1e5bee0c0 [0x000002b1e5beda00+0x00000000000006c0]
J 5514 c2 org.eclipse.osgi.internal.loader.ModuleClassLoader.loadClass(Ljava/lang/String;Z)Ljava/lang/Class; (36 bytes) @ 0x000002b1e5aa5880 [0x000002b1e5aa5740+0x0000000000000140]
J 3978 c2 java.lang.ClassLoader.loadClass(Ljava/lang/String;)Ljava/lang/Class; java.base@21.0.6 (7 bytes) @ 0x000002b1e5b239ec [0x000002b1e5b239a0+0x000000000000004c]
v  ~StubRoutines::call_stub 0x000002b1e53d1015
j  org.eclipse.jdt.internal.core.dom.rewrite.ASTRewriteFormatter.<init>(Lorg/eclipse/jdt/internal/core/dom/rewrite/NodeInfoStore;Lorg/eclipse/jdt/internal/core/dom/rewrite/RewriteEventStore;Ljava/util/Map;Ljava/lang/String;)V+487
j  org.eclipse.jdt.internal.core.dom.rewrite.ASTRewriteAnalyzer.<init>([CLorg/eclipse/jdt/internal/core/dom/rewrite/LineInformation;Ljava/lang/String;Lorg/eclipse/text/edits/TextEdit;Lorg/eclipse/jdt/internal/core/dom/rewrite/RewriteEventStore;Lorg/eclipse/jdt/internal/core/dom/rewrite/NodeInfoStore;Ljava/util/List;Ljava/util/Map;Lorg/eclipse/jdt/core/dom/rewrite/TargetSourceRangeComputer;Lorg/eclipse/jdt/internal/compiler/parser/RecoveryScannerData;)V+76
j  org.eclipse.jdt.core.dom.rewrite.ASTRewrite.internalRewriteAST([CLorg/eclipse/jdt/internal/core/dom/rewrite/LineInformation;Ljava/lang/String;Ljava/util/List;Ljava/util/Map;Lorg/eclipse/jdt/core/dom/ASTNode;Lorg/eclipse/jdt/internal/compiler/parser/RecoveryScannerData;)Lorg/eclipse/text/edits/TextEdit;+49
j  org.eclipse.jdt.core.dom.rewrite.ASTRewrite.rewriteAST()Lorg/eclipse/text/edits/TextEdit;+162
j  org.eclipse.jdt.internal.corext.refactoring.structure.CompilationUnitRewrite.attachChange(Lorg/eclipse/jdt/core/refactoring/CompilationUnitChange;ZLorg/eclipse/core/runtime/IProgressMonitor;)Lorg/eclipse/jdt/core/refactoring/CompilationUnitChange;+190
j  org.eclipse.jdt.internal.corext.refactoring.structure.CompilationUnitRewrite.createChange(Ljava/lang/String;ZLorg/eclipse/core/runtime/IProgressMonitor;)Lorg/eclipse/jdt/core/refactoring/CompilationUnitChange;+35
j  org.eclipse.jdt.internal.corext.refactoring.code.InlineTempRefactoring.checkFinalConditions(Lorg/eclipse/core/runtime/IProgressMonitor;)Lorg/eclipse/ltk/core/refactoring/RefactoringStatus;+204
j  org.eclipse.ltk.core.refactoring.Refactoring.checkAllConditions(Lorg/eclipse/core/runtime/IProgressMonitor;)Lorg/eclipse/ltk/core/refactoring/RefactoringStatus;+59
j  org.eclipse.jdt.ls.core.internal.corrections.RefactorProcessor.getInlineProposal(Lorg/eclipse/jdt/ui/text/java/IInvocationContext;Lorg/eclipse/jdt/core/dom/ASTNode;Ljava/util/Collection;)Z+251
j  org.eclipse.jdt.ls.core.internal.corrections.RefactorProcessor.getProposals(Lorg/eclipse/lsp4j/CodeActionParams;Lorg/eclipse/jdt/ui/text/java/IInvocationContext;[Lorg/eclipse/jdt/ui/text/java/IProblemLocation;Lorg/eclipse/core/runtime/IProgressMonitor;)Ljava/util/List;+596
j  org.eclipse.jdt.ls.core.internal.handlers.CodeActionHandler.getCodeActionCommands(Lorg/eclipse/lsp4j/CodeActionParams;Lorg/eclipse/core/runtime/IProgressMonitor;)Ljava/util/List;+556
j  org.eclipse.jdt.ls.core.internal.handlers.JDTLanguageServer.lambda$15(Lorg/eclipse/jdt/ls/core/internal/handlers/CodeActionHandler;Lorg/eclipse/lsp4j/CodeActionParams;Lorg/eclipse/core/runtime/IProgressMonitor;)Ljava/util/List;+16
j  org.eclipse.jdt.ls.core.internal.handlers.JDTLanguageServer$$Lambda+0x000002b1816d2ab8.apply(Ljava/lang/Object;)Ljava/lang/Object;+16
J 13853 c1 org.eclipse.jdt.ls.core.internal.BaseJDTLanguageServer$$Lambda+0x000002b181684000.apply(Ljava/lang/Object;)Ljava/lang/Object; (16 bytes) @ 0x000002b1dfd8a7b4 [0x000002b1dfd8a380+0x0000000000000434]
J 10054 c1 java.util.concurrent.CompletableFuture$UniApply.tryFire(I)Ljava/util/concurrent/CompletableFuture; java.base@21.0.6 (149 bytes) @ 0x000002b1df2f6804 [0x000002b1df2f6140+0x00000000000006c4]
J 13639 c1 java.util.concurrent.CompletableFuture$Completion.run()V java.base@21.0.6 (7 bytes) @ 0x000002b1dfcac554 [0x000002b1dfcac440+0x0000000000000114]
J 13353 c1 java.lang.Thread.run()V java.base@21.0.6 (23 bytes) @ 0x000002b1dfbe1264 [0x000002b1dfbe1060+0x0000000000000204]
v  ~StubRoutines::call_stub 0x000002b1e53d1015

Compiled method (n/a) 314032 1043     n 0       java.lang.ClassLoader::defineClass1 (native)
 total in heap  [0x000002b1e59ccc10,0x000002b1e59cd088] = 1144
 relocation     [0x000002b1e59ccd70,0x000002b1e59ccda8] = 56
 main code      [0x000002b1e59ccdc0,0x000002b1e59cd087] = 711
 stub code      [0x000002b1e59cd087,0x000002b1e59cd088] = 1

[Constant Pool (empty)]

[MachCode]
[Entry Point]
  # {method} {0x000002b180430ff0} 'defineClass1' '(Ljava/lang/ClassLoader;Ljava/lang/String;[BIILjava/security/ProtectionDomain;Ljava/lang/String;)Ljava/lang/Class;' in 'java/lang/ClassLoader'
  # parm0:    rdx:rdx   = 'java/lang/ClassLoader'
  # parm1:    r8:r8     = 'java/lang/String'
  # parm2:    r9:r9     = '[B'
  # parm3:    rdi       = int
  # parm4:    rsi       = int
  # parm5:    rcx:rcx   = 'java/security/ProtectionDomain'
  # parm6:    [sp+0xa0]   = 'java/lang/String'  (sp of caller)
  0x000002b1e59ccdc0: 448b 5208 | 49bb 0000 | 0080 b102 | 0000 4d03 | d349 3bc2 | 0f84 0600 

  0x000002b1e59ccdd8: ;   {runtime_call ic_miss_stub}
  0x000002b1e59ccdd8: 0000 e9a1 | 16a5 ff90 
[Verified Entry Point]
  0x000002b1e59ccde0: 8984 2400 | 80ff ff55 | 488b ec48 | 81ec 9000 | 0000 6690 | 4181 7f20 | 0400 0000 

  0x000002b1e59ccdfc: ;   {runtime_call StubRoutines (final stubs)}
  0x000002b1e59ccdfc: 7405 e8bd | bba3 ff48 | 837d 1000 | 488d 4510 | 480f 4445 | 1048 8944 | 2440 4889 | 4c24 7048 
  0x000002b1e59cce1c: 83f9 0048 | 8d44 2470 | 480f 4444 | 2470 4889 | 4424 3848 | 8974 2430 | 4889 7c24 | 284c 894c 
  0x000002b1e59cce3c: 2458 4983 | f900 488d | 4424 5848 | 0f44 4424 | 5848 8944 | 2420 4c89 | 4424 5049 | 83f8 004c 
  0x000002b1e59cce5c: 8d4c 2450 | 4c0f 444c | 2450 4889 | 5424 4848 | 83fa 004c | 8d44 2448 | 4c0f 4444 

  0x000002b1e59cce78: ;   {oop(a 'java/lang/Class'{0x00000000c00039e0} = 'java/lang/ClassLoader')}
  0x000002b1e59cce78: 2448 49be | e039 00c0 | 0000 0000 | 4c89 7424 | 784c 8d74 | 2478 498b 

  0x000002b1e59cce90: ; ImmutableOopMap {[72]=Oop [80]=Oop [88]=Oop [112]=Oop [120]=Oop [160]=Oop }
                      ;   {section_word}
  0x000002b1e59cce90: d649 ba91 | ce9c e5b1 | 0200 004d | 8997 a003 | 0000 4989 | a798 0300 

  0x000002b1e59ccea8: ;   {external_word}
  0x000002b1e59ccea8: 0049 ba35 | 5b46 f5fa | 7f00 0041 | 803a 000f | 844e 0000 | 0052 4150 

  0x000002b1e59ccec0: ;   {metadata({method} {0x000002b180430ff0} 'defineClass1' '(Ljava/lang/ClassLoader;Ljava/lang/String;[BIILjava/security/ProtectionDomain;Ljava/lang/String;)Ljava/lang/Class;' in 'java/lang/ClassLoader')}
  0x000002b1e59ccec0: 4151 48ba | e80f 4380 | b102 0000 | 498b cf48 | 83ec 2040 | f6c4 0f0f | 8419 0000 | 0048 83ec 
  0x000002b1e59ccee0: ;   {runtime_call}
  0x000002b1e59ccee0: 0848 b8c0 | 4bf0 f4fa | 7f00 00ff | d048 83c4 | 08e9 0c00 

  0x000002b1e59ccef4: ;   {runtime_call}
  0x000002b1e59ccef4: 0000 48b8 | c04b f0f4 | fa7f 0000 | ffd0 4883 | c420 4159 | 4158 5a49 | 8d8f b803 | 0000 41c7 
  0x000002b1e59ccf14: 8744 0400 | 0004 0000 

  0x000002b1e59ccf1c: ;   {runtime_call}
  0x000002b1e59ccf1c: 0048 b8ac | 16b0 45fb | 7f00 00ff | d041 c787 | 4404 0000 | 0500 0000 | f083 4424 | c000 493b 
  0x000002b1e59ccf3c: af48 0400 | 000f 870e | 0000 0041 | 83bf 4004 | 0000 000f | 8428 0000 | 0048 8945 | f849 8bcf 
  0x000002b1e59ccf5c: 4c8b e448 | 83ec 2048 

  0x000002b1e59ccf64: ;   {runtime_call}
  0x000002b1e59ccf64: 83e4 f048 | b860 cfbb | f4fa 7f00 | 00ff d049 | 8be4 4d33 | e448 8b45 | f841 c787 | 4404 0000 
  0x000002b1e59ccf84: 0800 0000 | 4183 bfc0 | 0400 0002 | 0f84 c700 

  0x000002b1e59ccf94: ;   {external_word}
  0x000002b1e59ccf94: 0000 49ba | 355b 46f5 | fa7f 0000 | 4180 3a00 | 0f84 4c00 | 0000 4889 

  0x000002b1e59ccfac: ;   {metadata({method} {0x000002b180430ff0} 'defineClass1' '(Ljava/lang/ClassLoader;Ljava/lang/String;[BIILjava/security/ProtectionDomain;Ljava/lang/String;)Ljava/lang/Class;' in 'java/lang/ClassLoader')}
  0x000002b1e59ccfac: 45f8 48ba | e80f 4380 | b102 0000 | 498b cf48 | 83ec 2040 | f6c4 0f0f | 8419 0000 | 0048 83ec 
  0x000002b1e59ccfcc: ;   {runtime_call}
  0x000002b1e59ccfcc: 0848 b8c0 | 4bf0 f4fa | 7f00 00ff | d048 83c4 | 08e9 0c00 

  0x000002b1e59ccfe0: ;   {runtime_call}
  0x000002b1e59ccfe0: 0000 48b8 | c04b f0f4 | fa7f 0000 | ffd0 4883 | c420 488b | 45f8 49c7 | 8798 0300 | 0000 0000 
  0x000002b1e59cd000: 0049 c787 | a003 0000 | 0000 0000 | 4885 c00f | 8425 0000 | 00a8 030f | 8508 0000 | 0048 8b00 
  0x000002b1e59cd020: e915 0000 | 00a8 010f | 8509 0000 | 0048 8b40 | fee9 0400 | 0000 488b | 40ff 498b | 8f28 0400 
  0x000002b1e59cd040: 00c7 8100 | 0100 0000 | 0000 00c9 | 4983 7f08 | 000f 8501 | 0000 00c3 

  0x000002b1e59cd058: ;   {runtime_call StubRoutines (initial stubs)}
  0x000002b1e59cd058: e9a3 3ea0 | ff48 8945 | f84c 8be4 | 4883 ec20 | 4883 e4f0 

  0x000002b1e59cd06c: ;   {runtime_call}
  0x000002b1e59cd06c: 48b8 a083 | f0f4 fa7f | 0000 ffd0 | 498b e44d | 33e4 488b | 45f8 e90f | ffff fff4 
[/MachCode]


Compiled method (c1) 314058 2323       3       java.lang.ClassLoader::defineClass (43 bytes)
 total in heap  [0x000002b1de2dbe10,0x000002b1de2dc770] = 2400
 relocation     [0x000002b1de2dbf70,0x000002b1de2dc010] = 160
 main code      [0x000002b1de2dc020,0x000002b1de2dc4c0] = 1184
 stub code      [0x000002b1de2dc4c0,0x000002b1de2dc538] = 120
 metadata       [0x000002b1de2dc538,0x000002b1de2dc568] = 48
 scopes data    [0x000002b1de2dc568,0x000002b1de2dc658] = 240
 scopes pcs     [0x000002b1de2dc658,0x000002b1de2dc738] = 224
 dependencies   [0x000002b1de2dc738,0x000002b1de2dc748] = 16
 nul chk table  [0x000002b1de2dc748,0x000002b1de2dc770] = 40

[Constant Pool (empty)]

[MachCode]
[Entry Point]
  # {method} {0x000002b180431370} 'defineClass' '(Ljava/lang/String;[BIILjava/security/ProtectionDomain;)Ljava/lang/Class;' in 'java/lang/ClassLoader'
  # this:     rdx:rdx   = 'java/lang/ClassLoader'
  # parm0:    r8:r8     = 'java/lang/String'
  # parm1:    r9:r9     = '[B'
  # parm2:    rdi       = int
  # parm3:    rsi       = int
  # parm4:    rcx:rcx   = 'java/security/ProtectionDomain'
  #           [sp+0xc0]  (sp of caller)
  0x000002b1de2dc020: 448b 5208 | 49bb 0000 | 0080 b102 | 0000 4d03 | d34c 3bd0 

  0x000002b1de2dc034: ;   {runtime_call ic_miss_stub}
  0x000002b1de2dc034: 0f85 4624 | 1407 660f | 1f44 0000 
[Verified Entry Point]
  0x000002b1de2dc040: 8984 2400 | 80ff ff55 | 4881 ecb0 | 0000 0090 | 4181 7f20 | 0400 0000 

  0x000002b1de2dc058: ;   {runtime_call StubRoutines (final stubs)}
  0x000002b1de2dc058: 7405 e861 | c912 0748 | 8954 2478 

  0x000002b1de2dc064: ;   {metadata(method data for {method} {0x000002b180431370} 'defineClass' '(Ljava/lang/String;[BIILjava/security/ProtectionDomain;)Ljava/lang/Class;' in 'java/lang/ClassLoader')}
  0x000002b1de2dc064: 48bb 289e | 36f0 b102 | 0000 8b83 | cc00 0000 | 83c0 0289 | 83cc 0000 | 0025 fe07 | 0000 85c0 
  0x000002b1de2dc084: 0f84 5803 | 0000 89b4 | 2494 0000 | 0089 bc24 | 9000 0000 | 4c89 8c24 | 8800 0000 

  0x000002b1de2dc0a0: ;   {metadata(method data for {method} {0x000002b180431370} 'defineClass' '(Ljava/lang/String;[BIILjava/security/ProtectionDomain;)Ljava/lang/Class;' in 'java/lang/ClassLoader')}
  0x000002b1de2dc0a0: 488b da48 | b828 9e36 | f0b1 0200 | 0048 8380 | 1001 0000 | 0149 8bd8 | 4c8b c34c | 8bc9 488b 
  0x000002b1de2dc0c0: ca48 8bd1 | 4889 9c24 | 8000 0000 

  0x000002b1de2dc0cc: ;   {optimized virtual_call}
  0x000002b1de2dc0cc: 6666 90e8 

  0x000002b1de2dc0d0: ; ImmutableOopMap {[120]=Oop [128]=Oop [136]=Oop }
                      ;*invokevirtual preDefineClass {reexecute=0 rethrow=0 return_oop=0}
                      ; - java.lang.ClassLoader::defineClass@4
  0x000002b1de2dc0d0: 6c0a 3c01 

  0x000002b1de2dc0d4: ;   {other}
  0x000002b1de2dc0d4: 0f1f 8400 | c402 0000 | 4889 8424 | 9800 0000 | 488b 5424 

  0x000002b1de2dc0e8: ;   {metadata(method data for {method} {0x000002b180431370} 'defineClass' '(Ljava/lang/String;[BIILjava/security/ProtectionDomain;)Ljava/lang/Class;' in 'java/lang/ClassLoader')}
  0x000002b1de2dc0e8: 7849 b828 | 9e36 f0b1 | 0200 0049 | 8380 4801 

  0x000002b1de2dc0f8: ;   {metadata(method data for {method} {0x000002b180431058} 'defineClassSourceLocation' '(Ljava/security/ProtectionDomain;)Ljava/lang/String;' in 'java/lang/ClassLoader')}
  0x000002b1de2dc0f8: 0000 0149 | b840 a536 | f0b1 0200 | 0041 8b90 | cc00 0000 | 83c2 0241 | 8990 cc00 | 0000 81e2 
  0x000002b1de2dc118: feff 1f00 | 85d2 0f84 | df02 0000 

  0x000002b1de2dc124: ; implicit exception: dispatches to 0x000002b1de2dc424
  0x000002b1de2dc124: 483b 004c 

  0x000002b1de2dc128: ;   {metadata(method data for {method} {0x000002b180431058} 'defineClassSourceLocation' '(Ljava/security/ProtectionDomain;)Ljava/lang/String;' in 'java/lang/ClassLoader')}
  0x000002b1de2dc128: 8bc0 48ba | 40a5 36f0 | b102 0000 | 4883 8210 | 0100 0001 | 448b 4010 

  0x000002b1de2dc140: ;   {metadata(method data for {method} {0x000002b180431058} 'defineClassSourceLocation' '(Ljava/security/ProtectionDomain;)Ljava/lang/String;' in 'java/lang/ClassLoader')}
  0x000002b1de2dc140: 4d85 c048 | ba40 a536 | f0b1 0200 | 0048 c7c6 | 5801 0000 | 7507 48c7 | c648 0100 | 0048 8b3c 
  0x000002b1de2dc160: 3248 8d7f | 0148 893c | 320f 850f 

  0x000002b1de2dc16c: ;   {oop(nullptr)}
  0x000002b1de2dc16c: 0000 0048 | bb00 0000 | 0000 0000 | 00e9 a901 | 0000 493b | 0049 8bd0 

  0x000002b1de2dc184: ;   {metadata(method data for {method} {0x000002b180431058} 'defineClassSourceLocation' '(Ljava/security/ProtectionDomain;)Ljava/lang/String;' in 'java/lang/ClassLoader')}
  0x000002b1de2dc184: 48be 40a5 | 36f0 b102 | 0000 4883 | 8668 0100 | 0001 418b | 500c 4885 

  0x000002b1de2dc19c: ;   {metadata(method data for {method} {0x000002b180431058} 'defineClassSourceLocation' '(Ljava/security/ProtectionDomain;)Ljava/lang/String;' in 'java/lang/ClassLoader')}
  0x000002b1de2dc19c: d248 be40 | a536 f0b1 | 0200 0048 | c7c7 b001 | 0000 7507 | 48c7 c7a0 | 0100 0048 | 8b1c 3e48 
  0x000002b1de2dc1bc: 8d5b 0148 | 891c 3e0f | 850f 0000 

  0x000002b1de2dc1c8: ;   {oop(nullptr)}
  0x000002b1de2dc1c8: 0048 bb00 | 0000 0000 | 0000 00e9 | 4f01 0000 

  0x000002b1de2dc1d8: ;   {metadata(method data for {method} {0x000002b180431058} 'defineClassSourceLocation' '(Ljava/security/ProtectionDomain;)Ljava/lang/String;' in 'java/lang/ClassLoader')}
  0x000002b1de2dc1d8: 48be 40a5 | 36f0 b102 | 0000 4883 | 86c0 0100 | 0001 483b | 024c 8bc2 

  0x000002b1de2dc1f0: ;   {metadata(method data for {method} {0x000002b180431058} 'defineClassSourceLocation' '(Ljava/security/ProtectionDomain;)Ljava/lang/String;' in 'java/lang/ClassLoader')}
  0x000002b1de2dc1f0: 48be 40a5 | 36f0 b102 | 0000 4883 | 86f8 0100 

  0x000002b1de2dc200: ;   {metadata(method data for {method} {0x000002b18001a838} 'toString' '()Ljava/lang/String;' in 'java/net/URL')}
  0x000002b1de2dc200: 0001 49b8 | 1099 36f0 | b102 0000 | 418b b0cc | 0000 0083 | c602 4189 | b0cc 0000 | 0081 e6fe 
  0x000002b1de2dc220: ff1f 0085 | f60f 8408 | 0200 004c 

  0x000002b1de2dc22c: ;   {metadata(method data for {method} {0x000002b18001a838} 'toString' '()Ljava/lang/String;' in 'java/net/URL')}
  0x000002b1de2dc22c: 8bc2 48be | 1099 36f0 | b102 0000 | 4883 8610 | 0100 0001 

  0x000002b1de2dc240: ;   {metadata(method data for {method} {0x000002b180424bf8} 'toExternalForm' '()Ljava/lang/String;' in 'java/net/URL')}
  0x000002b1de2dc240: 49b8 c033 | 36f0 b102 | 0000 418b | b0cc 0000 | 0083 c602 | 4189 b0cc | 0000 0081 | e6fe ff1f 
  0x000002b1de2dc260: 0085 f60f | 84eb 0100 | 008b 7238 

  0x000002b1de2dc26c: ; implicit exception: dispatches to 0x000002b1de2dc475
  0x000002b1de2dc26c: 483b 064c 

  0x000002b1de2dc270: ;   {metadata(method data for {method} {0x000002b180424bf8} 'toExternalForm' '()Ljava/lang/String;' in 'java/net/URL')}
  0x000002b1de2dc270: 8bc6 48bf | c033 36f0 | b102 0000 | 458b 4008 | 49ba 0000 | 0080 b102 | 0000 4d03 | c24c 3b87 
  0x000002b1de2dc290: 2001 0000 | 750d 4883 | 8728 0100 | 0001 e960 | 0000 004c | 3b87 3001 | 0000 750d | 4883 8738 
  0x000002b1de2dc2b0: 0100 0001 | e94a 0000 | 0048 83bf | 2001 0000 | 0075 174c | 8987 2001 | 0000 48c7 | 8728 0100 
  0x000002b1de2dc2d0: 0001 0000 | 00e9 2900 | 0000 4883 | bf30 0100 | 0000 7517 | 4c89 8730 | 0100 0048 | c787 3801 
  0x000002b1de2dc2f0: 0000 0100 | 0000 e908 | 0000 0048 | 8387 1001 | 0000 014c | 8bc2 488b | d60f 1f40 | 0048 b8ff 
  0x000002b1de2dc310: ffff ffff 

  0x000002b1de2dc314: ;   {virtual_call}
  0x000002b1de2dc314: ffff ffe8 

  0x000002b1de2dc318: ; ImmutableOopMap {[120]=Oop [128]=Oop [136]=Oop [152]=Oop }
                      ;*invokevirtual toExternalForm {reexecute=0 rethrow=0 return_oop=0}
                      ; - java.net.URL::toExternalForm@5
                      ; - java.net.URL::toString@1
                      ; - java.lang.ClassLoader::defineClassSourceLocation@22
                      ; - java.lang.ClassLoader::defineClass@12
  0x000002b1de2dc318: e4d6 1f07 

  0x000002b1de2dc31c: ;   {other}
  0x000002b1de2dc31c: 0f1f 8400 | 0c05 0001 | 488b d848 | 8b84 2498 | 0000 008b | b424 9400 | 0000 8bbc | 2490 0000 
  0x000002b1de2dc33c: 004c 8b8c | 2488 0000 | 004c 8b84 | 2480 0000 | 0048 8b54 

  0x000002b1de2dc350: ;   {metadata(method data for {method} {0x000002b180431370} 'defineClass' '(Ljava/lang/String;[BIILjava/security/ProtectionDomain;)Ljava/lang/Class;' in 'java/lang/ClassLoader')}
  0x000002b1de2dc350: 2478 48b9 | 289e 36f0 | b102 0000 | 4883 8180 | 0100 0001 | 4c8b da49 | 8bd3 488b | c848 891c 
  0x000002b1de2dc370: 2466 0f1f 

  0x000002b1de2dc374: ;   {static_call}
  0x000002b1de2dc374: 4400 00e8 

  0x000002b1de2dc378: ; ImmutableOopMap {[120]=Oop [152]=Oop }
                      ;*invokestatic defineClass1 {reexecute=0 rethrow=0 return_oop=0}
                      ; - java.lang.ClassLoader::defineClass@27
  0x000002b1de2dc378: 640a 6f07 

  0x000002b1de2dc37c: ;   {other}
  0x000002b1de2dc37c: 0f1f 8400 | 6c05 0002 | 488b 5424 

  0x000002b1de2dc388: ;   {metadata(method data for {method} {0x000002b180431370} 'defineClass' '(Ljava/lang/String;[BIILjava/security/ProtectionDomain;)Ljava/lang/Class;' in 'java/lang/ClassLoader')}
  0x000002b1de2dc388: 7849 b828 | 9e36 f0b1 | 0200 0049 | 8380 9001 | 0000 014c | 8bc0 4c8b | 8c24 9800 | 0000 488b 
  0x000002b1de2dc3a8: 5424 7848 | 8984 24a0 | 0000 000f 

  0x000002b1de2dc3b4: ;   {optimized virtual_call}
  0x000002b1de2dc3b4: 1f40 00e8 

  0x000002b1de2dc3b8: ; ImmutableOopMap {[160]=Oop }
                      ;*invokevirtual postDefineClass {reexecute=0 rethrow=0 return_oop=0}
                      ; - java.lang.ClassLoader::defineClass@37
  0x000002b1de2dc3b8: e465 e9ff 

  0x000002b1de2dc3bc: ;   {other}
  0x000002b1de2dc3bc: 0f1f 8400 | ac05 0003 | 488b 8424 | a000 0000 | 4881 c4b0 | 0000 005d 

  0x000002b1de2dc3d4: ;   {poll_return}
  0x000002b1de2dc3d4: 493b a748 | 0400 000f | 8799 0000 

  0x000002b1de2dc3e0: ;   {metadata({method} {0x000002b180431370} 'defineClass' '(Ljava/lang/String;[BIILjava/security/ProtectionDomain;)Ljava/lang/Class;' in 'java/lang/ClassLoader')}
  0x000002b1de2dc3e0: 00c3 49ba | 6813 4380 | b102 0000 | 4c89 5424 | 0848 c704 | 24ff ffff 

  0x000002b1de2dc3f8: ;   {runtime_call counter_overflow Runtime1 stub}
  0x000002b1de2dc3f8: ffe8 028e 

  0x000002b1de2dc3fc: ; ImmutableOopMap {rdx=Oop r8=Oop r9=Oop rcx=Oop [120]=Oop }
                      ;*synchronization entry
                      ; - java.lang.ClassLoader::defineClass@-1
  0x000002b1de2dc3fc: 1f07 e987 

  0x000002b1de2dc400: ;   {metadata({method} {0x000002b180431058} 'defineClassSourceLocation' '(Ljava/security/ProtectionDomain;)Ljava/lang/String;' in 'java/lang/ClassLoader')}
  0x000002b1de2dc400: fcff ff49 | ba50 1043 | 80b1 0200 | 004c 8954 | 2408 48c7 | 0424 ffff 

  0x000002b1de2dc418: ;   {runtime_call counter_overflow Runtime1 stub}
  0x000002b1de2dc418: ffff e8e1 

  0x000002b1de2dc41c: ; ImmutableOopMap {rax=Oop [120]=Oop [128]=Oop [136]=Oop [152]=Oop }
                      ;*synchronization entry
                      ; - java.lang.ClassLoader::defineClassSourceLocation@-1
                      ; - java.lang.ClassLoader::defineClass@12
  0x000002b1de2dc41c: 8d1f 07e9 | 00fd ffff 

  0x000002b1de2dc424: ;   {runtime_call throw_null_pointer_exception Runtime1 stub}
  0x000002b1de2dc424: e857 5116 

  0x000002b1de2dc428: ; ImmutableOopMap {rax=Oop [120]=Oop [128]=Oop [136]=Oop [152]=Oop }
                      ;*invokevirtual getCodeSource {reexecute=0 rethrow=0 return_oop=0}
                      ; - java.lang.ClassLoader::defineClassSourceLocation@1
                      ; - java.lang.ClassLoader::defineClass@12
                      ;   {runtime_call throw_null_pointer_exception Runtime1 stub}
  0x000002b1de2dc428: 07e8 5251 

  0x000002b1de2dc42c: ; ImmutableOopMap {rax=Oop r8=Oop [120]=Oop [128]=Oop [136]=Oop [152]=Oop }
                      ;*invokevirtual getLocation {reexecute=0 rethrow=0 return_oop=0}
                      ; - java.lang.ClassLoader::defineClassSourceLocation@12
                      ; - java.lang.ClassLoader::defineClass@12
                      ;   {runtime_call throw_null_pointer_exception Runtime1 stub}
  0x000002b1de2dc42c: 1607 e84d 

  0x000002b1de2dc430: ; ImmutableOopMap {rdx=Oop [120]=Oop [128]=Oop [136]=Oop [152]=Oop }
                      ;*invokevirtual toString {reexecute=0 rethrow=0 return_oop=0}
                      ; - java.lang.ClassLoader::defineClassSourceLocation@22
                      ; - java.lang.ClassLoader::defineClass@12
                      ;   {metadata({method} {0x000002b18001a838} 'toString' '()Ljava/lang/String;' in 'java/net/URL')}
  0x000002b1de2dc430: 5116 0749 | ba30 a801 | 80b1 0200 | 004c 8954 | 2408 48c7 | 0424 ffff 

  0x000002b1de2dc448: ;   {runtime_call counter_overflow Runtime1 stub}
  0x000002b1de2dc448: ffff e8b1 

  0x000002b1de2dc44c: ; ImmutableOopMap {rdx=Oop [120]=Oop [128]=Oop [136]=Oop [152]=Oop }
                      ;*synchronization entry
                      ; - java.net.URL::toString@-1
                      ; - java.lang.ClassLoader::defineClassSourceLocation@22
                      ; - java.lang.ClassLoader::defineClass@12
  0x000002b1de2dc44c: 8d1f 07e9 | d7fd ffff 

  0x000002b1de2dc454: ;   {metadata({method} {0x000002b180424bf8} 'toExternalForm' '()Ljava/lang/String;' in 'java/net/URL')}
  0x000002b1de2dc454: 49ba f04b | 4280 b102 | 0000 4c89 | 5424 0848 | c704 24ff 

  0x000002b1de2dc468: ;   {runtime_call counter_overflow Runtime1 stub}
  0x000002b1de2dc468: ffff ffe8 

  0x000002b1de2dc46c: ; ImmutableOopMap {rdx=Oop [120]=Oop [128]=Oop [136]=Oop [152]=Oop }
                      ;*synchronization entry
                      ; - java.net.URL::toExternalForm@-1
                      ; - java.net.URL::toString@1
                      ; - java.lang.ClassLoader::defineClassSourceLocation@22
                      ; - java.lang.ClassLoader::defineClass@12
  0x000002b1de2dc46c: 908d 1f07 | e9f4 fdff 

  0x000002b1de2dc474: ;   {runtime_call throw_null_pointer_exception Runtime1 stub}
  0x000002b1de2dc474: ffe8 0651 

  0x000002b1de2dc478: ; ImmutableOopMap {rdx=Oop rsi=Oop [120]=Oop [128]=Oop [136]=Oop [152]=Oop }
                      ;*invokevirtual toExternalForm {reexecute=0 rethrow=0 return_oop=0}
                      ; - java.net.URL::toExternalForm@5
                      ; - java.net.URL::toString@1
                      ; - java.lang.ClassLoader::defineClassSourceLocation@22
                      ; - java.lang.ClassLoader::defineClass@12
                      ;   {internal_word}
  0x000002b1de2dc478: 1607 49ba | d4c3 2dde | b102 0000 | 4d89 9760 

  0x000002b1de2dc488: ;   {runtime_call SafepointBlob}
  0x000002b1de2dc488: 0400 00e9 | f081 1407 | 498b 87f8 | 0400 0049 | c787 f804 | 0000 0000 | 0000 49c7 | 8700 0500 
  0x000002b1de2dc4a8: 0000 0000 | 0048 81c4 | b000 0000 

  0x000002b1de2dc4b4: ;   {runtime_call unwind_exception Runtime1 stub}
  0x000002b1de2dc4b4: 5de9 c65f | 1607 f4f4 | f4f4 f4f4 
[Stub Code]
  0x000002b1de2dc4c0: ;   {no_reloc}
  0x000002b1de2dc4c0: 0f1f 4400 

  0x000002b1de2dc4c4: ;   {static_stub}
  0x000002b1de2dc4c4: 0048 bb00 | 0000 0000 

  0x000002b1de2dc4cc: ;   {runtime_call nmethod}
  0x000002b1de2dc4cc: 0000 00e9 | fbff ffff 

  0x000002b1de2dc4d4: ;   {static_stub}
  0x000002b1de2dc4d4: 48bb a810 | 4380 b102 

  0x000002b1de2dc4dc: ;   {runtime_call I2C/C2I adapters}
  0x000002b1de2dc4dc: 0000 e988 

  0x000002b1de2dc4e0: ;   {static_stub}
  0x000002b1de2dc4e0: eb13 0748 | bb00 0000 | 0000 0000 

  0x000002b1de2dc4ec: ;   {runtime_call nmethod}
  0x000002b1de2dc4ec: 00e9 fbff 

  0x000002b1de2dc4f0: ;   {static_stub}
  0x000002b1de2dc4f0: ffff 48bb | 0000 0000 | 0000 0000 

  0x000002b1de2dc4fc: ;   {runtime_call nmethod}
  0x000002b1de2dc4fc: e9fb ffff 

  0x000002b1de2dc500: ;   {runtime_call handle_exception_from_callee Runtime1 stub}
  0x000002b1de2dc500: ffe8 7a32 

  0x000002b1de2dc504: ;   {external_word}
  0x000002b1de2dc504: 1607 48b9 | 907f 1cf5 | fa7f 0000 | 4883 e4f0 

  0x000002b1de2dc514: ;   {runtime_call}
  0x000002b1de2dc514: 48b8 f042 | dff4 fa7f | 0000 ffd0 

  0x000002b1de2dc520: ;   {section_word}
  0x000002b1de2dc520: f449 ba21 | c52d deb1 | 0200 0041 

  0x000002b1de2dc52c: ;   {runtime_call DeoptimizationBlob}
  0x000002b1de2dc52c: 52e9 6e7a | 1407 f4f4 | f4f4 f4f4 
[/MachCode]


Compiled method (c1) 314251 2995   !   3       org.eclipse.osgi.internal.loader.ModuleClassLoader::defineClass (67 bytes)
 total in heap  [0x000002b1de497690,0x000002b1de498270] = 3040
 relocation     [0x000002b1de4977f0,0x000002b1de497898] = 168
 main code      [0x000002b1de4978a0,0x000002b1de497ea0] = 1536
 stub code      [0x000002b1de497ea0,0x000002b1de497f10] = 112
 oops           [0x000002b1de497f10,0x000002b1de497f18] = 8
 metadata       [0x000002b1de497f18,0x000002b1de497f58] = 64
 scopes data    [0x000002b1de497f58,0x000002b1de4980a8] = 336
 scopes pcs     [0x000002b1de4980a8,0x000002b1de4981b8] = 272
 dependencies   [0x000002b1de4981b8,0x000002b1de4981d0] = 24
 handler table  [0x000002b1de4981d0,0x000002b1de498248] = 120
 nul chk table  [0x000002b1de498248,0x000002b1de498270] = 40

[Constant Pool (empty)]

[MachCode]
[Entry Point]
  # {method} {0x000002b1f061cd30} 'defineClass' '(Ljava/lang/String;[BLorg/eclipse/osgi/internal/loader/classpath/ClasspathEntry;)Lorg/eclipse/osgi/internal/loader/ModuleClassLoader$DefineClassResult;' in 'org/eclipse/osgi/internal/loader/ModuleClassLoader'
  # this:     rdx:rdx   = 'org/eclipse/osgi/internal/loader/ModuleClassLoader'
  # parm0:    r8:r8     = 'java/lang/String'
  # parm1:    r9:r9     = '[B'
  # parm2:    rdi:rdi   = 'org/eclipse/osgi/internal/loader/classpath/ClasspathEntry'
  #           [sp+0xb0]  (sp of caller)
  0x000002b1de4978a0: 448b 5208 | 49bb 0000 | 0080 b102 | 0000 4d03 | d34c 3bd0 

  0x000002b1de4978b4: ;   {runtime_call ic_miss_stub}
  0x000002b1de4978b4: 0f85 c66b | f806 660f | 1f44 0000 
[Verified Entry Point]
  0x000002b1de4978c0: 8984 2400 | 80ff ff55 | 4881 eca0 | 0000 0090 | 4181 7f20 | 0400 0000 

  0x000002b1de4978d8: ;   {runtime_call StubRoutines (final stubs)}
  0x000002b1de4978d8: 7405 e8e1 

  0x000002b1de4978dc: ;   {metadata(method data for {method} {0x000002b1f061cd30} 'defineClass' '(Ljava/lang/String;[BLorg/eclipse/osgi/internal/loader/classpath/ClasspathEntry;)Lorg/eclipse/osgi/internal/loader/ModuleClassLoader$DefineClassResult;' in 'org/eclipse/osgi/internal/loader/ModuleClassLoader')}
  0x000002b1de4978dc: 10f7 0648 | bef8 6fa9 | f0b1 0200 | 008b 9ecc | 0000 0083 | c302 899e | cc00 0000 | 81e3 fe07 
  0x000002b1de4978fc: 0000 85db | 0f84 5304 | 0000 4889 | 7c24 704c | 894c 2468 

  0x000002b1de497910: ;   {metadata(method data for {method} {0x000002b1f061cd30} 'defineClass' '(Ljava/lang/String;[BLorg/eclipse/osgi/internal/loader/classpath/ClasspathEntry;)Lorg/eclipse/osgi/internal/loader/ModuleClassLoader$DefineClassResult;' in 'org/eclipse/osgi/internal/loader/ModuleClassLoader')}
  0x000002b1de497910: 488b f248 | bbf8 6fa9 | f0b1 0200 | 008b 7608 | 49ba 0000 | 0080 b102 | 0000 4903 | f248 3bb3 
  0x000002b1de497930: 2001 0000 | 750d 4883 | 8328 0100 | 0001 e960 | 0000 0048 | 3bb3 3001 | 0000 750d | 4883 8338 
  0x000002b1de497950: 0100 0001 | e94a 0000 | 0048 83bb | 2001 0000 | 0075 1748 | 89b3 2001 | 0000 48c7 | 8328 0100 
  0x000002b1de497970: 0001 0000 | 00e9 2900 | 0000 4883 | bb30 0100 | 0000 7517 | 4889 b330 | 0100 0048 | c783 3801 
  0x000002b1de497990: 0000 0100 | 0000 e908 | 0000 0048 | 8383 1001 

  0x000002b1de4979a0: ;   {metadata(method data for {method} {0x000002b1f061db68} 'getClassLoadingLock' '(Ljava/lang/String;)Ljava/lang/Object;' in 'org/eclipse/osgi/internal/loader/ModuleClassLoader')}
  0x000002b1de4979a0: 0000 0148 | be98 cb9b | f0b1 0200 | 008b 9ecc | 0000 0083 | c302 899e | cc00 0000 | 81e3 feff 
  0x000002b1de4979c0: 1f00 85db | 0f84 b003 | 0000 8b72 | 5048 3b06 

  0x000002b1de4979d0: ;   {metadata(method data for {method} {0x000002b1f061db68} 'getClassLoadingLock' '(Ljava/lang/String;)Ljava/lang/Object;' in 'org/eclipse/osgi/internal/loader/ModuleClassLoader')}
  0x000002b1de4979d0: 488b de48 | b898 cb9b | f0b1 0200 | 0048 8380 | 1001 0000 | 0149 8bd8 | 4c8b c348 | 8954 2458 
  0x000002b1de4979f0: 488b d648 | 895c 2460 | 0f1f 8000 

  0x000002b1de4979fc: ;   {optimized virtual_call}
  0x000002b1de4979fc: 0000 00e8 

  0x000002b1de497a00: ; ImmutableOopMap {[88]=Oop [96]=Oop [104]=Oop [112]=Oop }
                      ;*invokevirtual getLock {reexecute=0 rethrow=0 return_oop=0}
                      ; - org.eclipse.osgi.internal.loader.ModuleClassLoader::getClassLoadingLock@5 (line 437)
                      ; - org.eclipse.osgi.internal.loader.ModuleClassLoader::defineClass@8 (line 312)
  0x000002b1de497a00: 5c82 7107 

  0x000002b1de497a04: ;   {other}
  0x000002b1de497a04: 0f1f 8400 | 7403 0000 | 4889 4424 | 7848 8d94 | 2480 0000 | 0048 8bf0 | 4889 7208 

  0x000002b1de497a20: ; implicit exception: dispatches to 0x000002b1de497da0
  0x000002b1de497a20: 488b 0648 | 83c8 0148 | 8902 f048 | 0fb1 160f | 8412 0000 | 0048 2bc4 | 4825 07f0 | ffff 4889 
  0x000002b1de497a40: 020f 855e | 0300 0049 | ff87 4805 | 0000 488b 

  0x000002b1de497a50: ;   {metadata(method data for {method} {0x000002b1f061cd30} 'defineClass' '(Ljava/lang/String;[BLorg/eclipse/osgi/internal/loader/classpath/ClasspathEntry;)Lorg/eclipse/osgi/internal/loader/ModuleClassLoader$DefineClassResult;' in 'org/eclipse/osgi/internal/loader/ModuleClassLoader')}
  0x000002b1de497a50: 5424 5848 | bef8 6fa9 | f0b1 0200 | 0048 8386 | 4801 0000 

  0x000002b1de497a64: ;   {metadata(method data for {method} {0x000002b180431478} 'findLoadedClass' '(Ljava/lang/String;)Ljava/lang/Class;' in 'java/lang/ClassLoader')}
  0x000002b1de497a64: 0148 bac0 | b223 f0b1 | 0200 008b | b2cc 0000 | 0083 c602 | 89b2 cc00 | 0000 81e6 | feff 1f00 
  0x000002b1de497a84: 85f6 0f84 | 2c03 0000 

  0x000002b1de497a8c: ;   {metadata(method data for {method} {0x000002b180431478} 'findLoadedClass' '(Ljava/lang/String;)Ljava/lang/Class;' in 'java/lang/ClassLoader')}
  0x000002b1de497a8c: 48ba c0b2 | 23f0 b102 | 0000 4883 | 8210 0100 | 0001 488b | 5424 600f 

  0x000002b1de497aa4: ;   {static_call}
  0x000002b1de497aa4: 1f40 00e8 

  0x000002b1de497aa8: ; ImmutableOopMap {[88]=Oop [96]=Oop [104]=Oop [112]=Oop [120]=Oop [136]=Oop }
                      ;*invokestatic checkName {reexecute=0 rethrow=0 return_oop=0}
                      ; - java.lang.ClassLoader::findLoadedClass@1
                      ; - org.eclipse.osgi.internal.loader.ModuleClassLoader::defineClass@17 (line 313)
  0x000002b1de497aa8: b411 ee07 

  0x000002b1de497aac: ;   {other}
  0x000002b1de497aac: 0f1f 8400 | 1c04 0001 

  0x000002b1de497ab4: ;   {metadata(method data for {method} {0x000002b180431478} 'findLoadedClass' '(Ljava/lang/String;)Ljava/lang/Class;' in 'java/lang/ClassLoader')}
  0x000002b1de497ab4: 85c0 49b8 | c0b2 23f0 | b102 0000 | 48c7 c220 | 0100 0075 | 0748 c7c2 | 3001 0000 | 498b 3410 
  0x000002b1de497ad4: 488d 7601 | 4989 3410 | 0f85 0f00 

  0x000002b1de497ae0: ;   {oop(nullptr)}
  0x000002b1de497ae0: 0000 48be | 0000 0000 | 0000 0000 | e936 0000 | 0048 8b54 

  0x000002b1de497af4: ;   {metadata(method data for {method} {0x000002b180431478} 'findLoadedClass' '(Ljava/lang/String;)Ljava/lang/Class;' in 'java/lang/ClassLoader')}
  0x000002b1de497af4: 2458 49b8 | c0b2 23f0 | b102 0000 | 4983 8040 | 0100 0001 | 4c8b 4424 | 6048 8b54 | 2458 0f1f 
  0x000002b1de497b14: ;   {optimized virtual_call}
  0x000002b1de497b14: 4400 00e8 

  0x000002b1de497b18: ; ImmutableOopMap {[88]=Oop [96]=Oop [104]=Oop [112]=Oop [120]=Oop [136]=Oop }
                      ;*invokevirtual findLoadedClass0 {reexecute=0 rethrow=0 return_oop=0}
                      ; - java.lang.ClassLoader::findLoadedClass@11
                      ; - org.eclipse.osgi.internal.loader.ModuleClassLoader::defineClass@17 (line 313)
  0x000002b1de497b18: c4be 4e07 

  0x000002b1de497b1c: ;   {other}
  0x000002b1de497b1c: 0f1f 8400 | 8c04 0002 | 488b f048 

  0x000002b1de497b28: ;   {metadata(method data for {method} {0x000002b1f061cd30} 'defineClass' '(Ljava/lang/String;[BLorg/eclipse/osgi/internal/loader/classpath/ClasspathEntry;)Lorg/eclipse/osgi/internal/loader/ModuleClassLoader$DefineClassResult;' in 'org/eclipse/osgi/internal/loader/ModuleClassLoader')}
  0x000002b1de497b28: 85f6 49b8 | f86f a9f0 | b102 0000 | 49c7 c190 | 0100 0074 | 0749 c7c1 | 8001 0000 | 4b8b 3c08 
  0x000002b1de497b48: 488d 7f01 | 4b89 3c08 | 0f84 0e00 | 0000 488b | de41 b800 | 0000 00e9 | 6900 0000 | 488b 7c24 
  0x000002b1de497b68: 704c 8b4c | 2468 4c8b | 4424 6048 | 8b54 2458 

  0x000002b1de497b78: ; implicit exception: dispatches to 0x000002b1de497dd9
  0x000002b1de497b78: 418b 710c 

  0x000002b1de497b7c: ; implicit exception: dispatches to 0x000002b1de497dde
  0x000002b1de497b7c: 483b 0748 

  0x000002b1de497b80: ;   {metadata(method data for {method} {0x000002b1f061cd30} 'defineClass' '(Ljava/lang/String;[BLorg/eclipse/osgi/internal/loader/classpath/ClasspathEntry;)Lorg/eclipse/osgi/internal/loader/ModuleClassLoader$DefineClassResult;' in 'org/eclipse/osgi/internal/loader/ModuleClassLoader')}
  0x000002b1de497b80: 8bcf 48bb | f86f a9f0 | b102 0000 | 4883 83b8 | 0100 0001 | 8b4f 1048 

  0x000002b1de497b98: ;   {metadata(method data for {method} {0x000002b1f061cd30} 'defineClass' '(Ljava/lang/String;[BLorg/eclipse/osgi/internal/loader/classpath/ClasspathEntry;)Lorg/eclipse/osgi/internal/loader/ModuleClassLoader$DefineClassResult;' in 'org/eclipse/osgi/internal/loader/ModuleClassLoader')}
  0x000002b1de497b98: 8bfa 48bb | f86f a9f0 | b102 0000 | 4883 83d8 | 0100 0001 | bf00 0000 | 0066 0f1f 

  0x000002b1de497bb4: ;   {optimized virtual_call}
  0x000002b1de497bb4: 4400 00e8 

  0x000002b1de497bb8: ; ImmutableOopMap {[120]=Oop [136]=Oop }
                      ;*invokevirtual defineClass {reexecute=0 rethrow=0 return_oop=0}
                      ; - org.eclipse.osgi.internal.loader.ModuleClassLoader::defineClass@37 (line 315)
  0x000002b1de497bb8: 8444 e4ff 

  0x000002b1de497bbc: ;   {other}
  0x000002b1de497bbc: 0f1f 8400 | 2c05 0003 | 488b d841 | b801 0000 | 0048 8d84 | 2480 0000 | 0048 8b10 | 4885 d20f 
  0x000002b1de497bdc: 840f 0000 | 0048 8b70 | 08f0 480f | b116 0f85 | f301 0000 | 49ff 8f48 

  0x000002b1de497bf4: ;   {metadata(method data for {method} {0x000002b1f061cd30} 'defineClass' '(Ljava/lang/String;[BLorg/eclipse/osgi/internal/loader/classpath/ClasspathEntry;)Lorg/eclipse/osgi/internal/loader/ModuleClassLoader$DefineClassResult;' in 'org/eclipse/osgi/internal/loader/ModuleClassLoader')}
  0x000002b1de497bf4: 0500 0048 | baf8 6fa9 | f0b1 0200 | 00ff 8210 

  0x000002b1de497c04: ;   {metadata('org/eclipse/osgi/internal/loader/ModuleClassLoader$DefineClassResult')}
  0x000002b1de497c04: 0200 0048 | ba48 6411 | 81b1 0200 | 0049 8b87 | b801 0000 | 488d 7818 | 493b bfc8 | 0100 000f 
  0x000002b1de497c24: 87d0 0100 | 0049 89bf | b801 0000 | 48c7 0001 | 0000 0048 | 8bca 49ba | 0000 0080 | b102 0000 
  0x000002b1de497c44: 492b ca89 | 4808 4833 | c989 480c | 4833 c948 | 8948 1048 

  0x000002b1de497c58: ;   {metadata(method data for {method} {0x000002b1f061cd30} 'defineClass' '(Ljava/lang/String;[BLorg/eclipse/osgi/internal/loader/classpath/ClasspathEntry;)Lorg/eclipse/osgi/internal/loader/ModuleClassLoader$DefineClassResult;' in 'org/eclipse/osgi/internal/loader/ModuleClassLoader')}
  0x000002b1de497c58: 8bf0 48bf | f86f a9f0 | b102 0000 | 4883 8728 | 0200 0001 

  0x000002b1de497c6c: ;   {metadata(method data for {method} {0x000002b1f0767638} '<init>' '(Ljava/lang/Class;Z)V' in 'org/eclipse/osgi/internal/loader/ModuleClassLoader$DefineClassResult')}
  0x000002b1de497c6c: 48be a8cf | a9f0 b102 | 0000 8bbe | cc00 0000 | 83c7 0289 | becc 0000 | 0081 e7fe | ff1f 0085 
  0x000002b1de497c8c: ff0f 8473 | 0100 0048 

  0x000002b1de497c94: ;   {metadata(method data for {method} {0x000002b1f0767638} '<init>' '(Ljava/lang/Class;Z)V' in 'org/eclipse/osgi/internal/loader/ModuleClassLoader$DefineClassResult')}
  0x000002b1de497c94: 8bf0 48bf | a8cf a9f0 | b102 0000 | 4883 8710 | 0100 0001 

  0x000002b1de497ca8: ;   {metadata(method data for {method} {0x000002b180470e28} '<init>' '()V' in 'java/lang/Object')}
  0x000002b1de497ca8: 48be 6067 | 00f0 b102 | 0000 8bbe | cc00 0000 | 83c7 0289 | becc 0000 | 0081 e7fe | ff1f 0085 
  0x000002b1de497cc8: ff0f 8458 | 0100 004c | 8bd3 4489 | 5010 488d | 3048 c1ee | 0948 bf00 | 0008 dab1 | 0200 00c6 
  0x000002b1de497ce8: 043e 0041 | 83e0 0144 | 8840 0c48 | 81c4 a000 

  0x000002b1de497cf8: ;   {poll_return}
  0x000002b1de497cf8: 0000 5d49 | 3ba7 4804 | 0000 0f87 | 4001 0000 | c349 8b87 | f804 0000 | 4d33 d24d | 8997 f804 
  0x000002b1de497d18: 0000 4d33 | d24d 8997 | 0005 0000 | 488b f048 | 8d84 2480 | 0000 0048 | 8b38 4885 | ff0f 840f 
  0x000002b1de497d38: 0000 0048 | 8b58 08f0 | 480f b13b | 0f85 1401 | 0000 49ff | 8f48 0500 | 0048 8bc6 | e938 0100 
  0x000002b1de497d58: ;   {metadata({method} {0x000002b1f061cd30} 'defineClass' '(Ljava/lang/String;[BLorg/eclipse/osgi/internal/loader/classpath/ClasspathEntry;)Lorg/eclipse/osgi/internal/loader/ModuleClassLoader$DefineClassResult;' in 'org/eclipse/osgi/internal/loader/ModuleClassLoader')}
  0x000002b1de497d58: 0049 ba28 | cd61 f0b1 | 0200 004c | 8954 2408 | 48c7 0424 | ffff ffff 

  0x000002b1de497d70: ;   {runtime_call counter_overflow Runtime1 stub}
  0x000002b1de497d70: e88b d403 

  0x000002b1de497d74: ; ImmutableOopMap {rdx=Oop r8=Oop r9=Oop rdi=Oop }
                      ;*synchronization entry
                      ; - org.eclipse.osgi.internal.loader.ModuleClassLoader::defineClass@-1 (line 310)
  0x000002b1de497d74: 07e9 8cfb 

  0x000002b1de497d78: ;   {metadata({method} {0x000002b1f061db68} 'getClassLoadingLock' '(Ljava/lang/String;)Ljava/lang/Object;' in 'org/eclipse/osgi/internal/loader/ModuleClassLoader')}
  0x000002b1de497d78: ffff 49ba | 60db 61f0 | b102 0000 | 4c89 5424 | 0848 c704 | 24ff ffff 

  0x000002b1de497d90: ;   {runtime_call counter_overflow Runtime1 stub}
  0x000002b1de497d90: ffe8 6ad4 

  0x000002b1de497d94: ; ImmutableOopMap {rdx=Oop r8=Oop [104]=Oop [112]=Oop }
                      ;*synchronization entry
                      ; - org.eclipse.osgi.internal.loader.ModuleClassLoader::getClassLoadingLock@-1 (line 437)
                      ; - org.eclipse.osgi.internal.loader.ModuleClassLoader::defineClass@8 (line 312)
  0x000002b1de497d94: 0307 e92f 

  0x000002b1de497d98: ;   {runtime_call throw_null_pointer_exception Runtime1 stub}
  0x000002b1de497d98: fcff ffe8 

  0x000002b1de497d9c: ; ImmutableOopMap {rdx=Oop r8=Oop rsi=Oop [104]=Oop [112]=Oop }
                      ;*invokevirtual getLock {reexecute=0 rethrow=0 return_oop=0}
                      ; - org.eclipse.osgi.internal.loader.ModuleClassLoader::getClassLoadingLock@5 (line 437)
                      ; - org.eclipse.osgi.internal.loader.ModuleClassLoader::defineClass@8 (line 312)
  0x000002b1de497d9c: e097 fa06 

  0x000002b1de497da0: ;   {runtime_call throw_null_pointer_exception Runtime1 stub}
  0x000002b1de497da0: e8db 97fa 

  0x000002b1de497da4: ; ImmutableOopMap {rsi=Oop [88]=Oop [96]=Oop [104]=Oop [112]=Oop [120]=Oop }
                      ;*monitorenter {reexecute=0 rethrow=0 return_oop=0}
                      ; - org.eclipse.osgi.internal.loader.ModuleClassLoader::defineClass@14 (line 312)
  0x000002b1de497da4: 0648 8974 | 2408 4889 

  0x000002b1de497dac: ;   {runtime_call monitorenter_nofpu Runtime1 stub}
  0x000002b1de497dac: 1424 e84d 

  0x000002b1de497db0: ; ImmutableOopMap {rsi=Oop [88]=Oop [96]=Oop [104]=Oop [112]=Oop [120]=Oop [136]=Oop }
                      ;*monitorenter {reexecute=0 rethrow=0 return_oop=0}
                      ; - org.eclipse.osgi.internal.loader.ModuleClassLoader::defineClass@14 (line 312)
  0x000002b1de497db0: b303 07e9 | 96fc ffff 

  0x000002b1de497db8: ;   {metadata({method} {0x000002b180431478} 'findLoadedClass' '(Ljava/lang/String;)Ljava/lang/Class;' in 'java/lang/ClassLoader')}
  0x000002b1de497db8: 49ba 7014 | 4380 b102 | 0000 4c89 | 5424 0848 | c704 24ff 

  0x000002b1de497dcc: ;   {runtime_call counter_overflow Runtime1 stub}
  0x000002b1de497dcc: ffff ffe8 

  0x000002b1de497dd0: ; ImmutableOopMap {[88]=Oop [96]=Oop [104]=Oop [112]=Oop [120]=Oop [136]=Oop }
                      ;*synchronization entry
                      ; - java.lang.ClassLoader::findLoadedClass@-1
                      ; - org.eclipse.osgi.internal.loader.ModuleClassLoader::defineClass@17 (line 313)
  0x000002b1de497dd0: 2cd4 0307 | e9b3 fcff 

  0x000002b1de497dd8: ;   {runtime_call throw_null_pointer_exception Runtime1 stub}
  0x000002b1de497dd8: ffe8 a297 

  0x000002b1de497ddc: ; ImmutableOopMap {rdx=Oop r8=Oop r9=Oop rdi=Oop [120]=Oop [136]=Oop }
                      ;*arraylength {reexecute=0 rethrow=0 return_oop=0}
                      ; - org.eclipse.osgi.internal.loader.ModuleClassLoader::defineClass@32 (line 315)
                      ;   {runtime_call throw_null_pointer_exception Runtime1 stub}
  0x000002b1de497ddc: fa06 e89d 

  0x000002b1de497de0: ; ImmutableOopMap {rdx=Oop r8=Oop r9=Oop rdi=Oop [120]=Oop [136]=Oop }
                      ;*invokevirtual getDomain {reexecute=0 rethrow=0 return_oop=0}
                      ; - org.eclipse.osgi.internal.loader.ModuleClassLoader::defineClass@34 (line 315)
  0x000002b1de497de0: 97fa 0648 | 8d84 2480 | 0000 0048 

  0x000002b1de497dec: ;   {runtime_call monitorexit_nofpu Runtime1 stub}
  0x000002b1de497dec: 8904 24e8 | 0cb9 0307 | e9fe fdff | ff48 8bd2 

  0x000002b1de497dfc: ;   {runtime_call fast_new_instance Runtime1 stub}
  0x000002b1de497dfc: e87f 8efa 

  0x000002b1de497e00: ; ImmutableOopMap {rbx=Oop }
                      ;*new {reexecute=0 rethrow=0 return_oop=0}
                      ; - org.eclipse.osgi.internal.loader.ModuleClassLoader::defineClass@55 (line 319)
  0x000002b1de497e00: 06e9 51fe 

  0x000002b1de497e04: ;   {metadata({method} {0x000002b1f0767638} '<init>' '(Ljava/lang/Class;Z)V' in 'org/eclipse/osgi/internal/loader/ModuleClassLoader$DefineClassResult')}
  0x000002b1de497e04: ffff 49ba | 3076 76f0 | b102 0000 | 4c89 5424 | 0848 c704 | 24ff ffff 

  0x000002b1de497e1c: ;   {runtime_call counter_overflow Runtime1 stub}
  0x000002b1de497e1c: ffe8 ded3 

  0x000002b1de497e20: ; ImmutableOopMap {rbx=Oop rax=Oop }
                      ;*synchronization entry
                      ; - org.eclipse.osgi.internal.loader.ModuleClassLoader$DefineClassResult::<init>@-1 (line 96)
                      ; - org.eclipse.osgi.internal.loader.ModuleClassLoader::defineClass@63 (line 319)
  0x000002b1de497e20: 0307 e96c 

  0x000002b1de497e24: ;   {metadata({method} {0x000002b180470e28} '<init>' '()V' in 'java/lang/Object')}
  0x000002b1de497e24: feff ff49 | ba20 0e47 | 80b1 0200 | 004c 8954 | 2408 48c7 | 0424 ffff 

  0x000002b1de497e3c: ;   {runtime_call counter_overflow Runtime1 stub}
  0x000002b1de497e3c: ffff e8bd 

  0x000002b1de497e40: ; ImmutableOopMap {rbx=Oop rax=Oop }
                      ;*synchronization entry
                      ; - java.lang.Object::<init>@-1
                      ; - org.eclipse.osgi.internal.loader.ModuleClassLoader$DefineClassResult::<init>@1 (line 96)
                      ; - org.eclipse.osgi.internal.loader.ModuleClassLoader::defineClass@63 (line 319)
  0x000002b1de497e40: d303 07e9 | 87fe ffff 

  0x000002b1de497e48: ;   {internal_word}
  0x000002b1de497e48: 49ba fb7c | 49de b102 | 0000 4d89 | 9760 0400 

  0x000002b1de497e58: ;   {runtime_call SafepointBlob}
  0x000002b1de497e58: 00e9 22c8 | f806 488d | 8424 8000 | 0000 4889 

  0x000002b1de497e68: ;   {runtime_call monitorexit_nofpu Runtime1 stub}
  0x000002b1de497e68: 0424 e891 | b803 07e9 | ddfe ffff | 498b 87f8 | 0400 0049 | c787 f804 | 0000 0000 | 0000 49c7 
  0x000002b1de497e88: 8700 0500 | 0000 0000 | 0048 81c4 | a000 0000 

  0x000002b1de497e98: ;   {runtime_call unwind_exception Runtime1 stub}
  0x000002b1de497e98: 5de9 e2a5 | fa06 f4f4 
[Stub Code]
  0x000002b1de497ea0: ;   {no_reloc}
  0x000002b1de497ea0: 48bb 40b9 | 67f0 b102 

  0x000002b1de497ea8: ;   {runtime_call I2C/C2I adapters}
  0x000002b1de497ea8: 0000 e9b8 

  0x000002b1de497eac: ;   {static_stub}
  0x000002b1de497eac: b8f8 0648 | bb00 0000 | 0000 0000 

  0x000002b1de497eb8: ;   {runtime_call nmethod}
  0x000002b1de497eb8: 00e9 fbff 

  0x000002b1de497ebc: ;   {static_stub}
  0x000002b1de497ebc: ffff 48bb | 0000 0000 | 0000 0000 

  0x000002b1de497ec8: ;   {runtime_call nmethod}
  0x000002b1de497ec8: e9fb ffff 

  0x000002b1de497ecc: ;   {static_stub}
  0x000002b1de497ecc: ff48 bb00 | 0000 0000 

  0x000002b1de497ed4: ;   {runtime_call nmethod}
  0x000002b1de497ed4: 0000 00e9 | fbff ffff 
[Exception Handler]
  0x000002b1de497edc: ;   {runtime_call handle_exception_from_callee Runtime1 stub}
  0x000002b1de497edc: e89f 78fa 

  0x000002b1de497ee0: ;   {external_word}
  0x000002b1de497ee0: 0648 b990 | 7f1c f5fa | 7f00 0048 

  0x000002b1de497eec: ;   {runtime_call}
  0x000002b1de497eec: 83e4 f048 | b8f0 42df | f4fa 7f00 | 00ff d0f4 
[Deopt Handler Code]
  0x000002b1de497efc: ;   {section_word}
  0x000002b1de497efc: 49ba fc7e | 49de b102 | 0000 4152 

  0x000002b1de497f08: ;   {runtime_call DeoptimizationBlob}
  0x000002b1de497f08: e993 c0f8 | 06f4 f4f4 
[/MachCode]


---------------  P R O C E S S  ---------------

Threads class SMR info:
_java_thread_list=0x000002b1f714c830, length=39, elements={
0x000002b1dac9b840, 0x000002b1eef862e0, 0x000002b1eef87dd0, 0x000002b1eef88ce0,
0x000002b1eef8ba00, 0x000002b1eef8e5d0, 0x000002b1eef8f020, 0x000002b1eef8fe50,
0x000002b1ef000560, 0x000002b1ef07ef40, 0x000002b1ef91ef00, 0x000002b1ef017100,
0x000002b1ef9cebc0, 0x000002b1f40796b0, 0x000002b1f407a260, 0x000002b1f45c2f40,
0x000002b1f42d5ae0, 0x000002b1f4716e70, 0x000002b1f4714da0, 0x000002b1f4715430,
0x000002b1f4715ac0, 0x000002b1f4716150, 0x000002b1f47167e0, 0x000002b1f4714080,
0x000002b1f47139f0, 0x000002b1f5b06090, 0x000002b1f5b03fc0, 0x000002b1f5b06720,
0x000002b1f5b07ad0, 0x000002b1f5b032a0, 0x000002b1f5b06db0, 0x000002b1f5b08160,
0x000002b1f5b087f0, 0x000002b1f6c41ff0, 0x000002b1f6c40c40, 0x000002b1f6c412d0,
0x000002b1f5b08e80, 0x000002b1f6c405b0, 0x000002b1f6c3bd80
}

Java Threads: ( => current thread )
  0x000002b1dac9b840 JavaThread "main"                              [_thread_blocked, id=10420, stack(0x000000fec6200000,0x000000fec6300000) (1024K)]
  0x000002b1eef862e0 JavaThread "Reference Handler"          daemon [_thread_blocked, id=2472, stack(0x000000fec6600000,0x000000fec6700000) (1024K)]
  0x000002b1eef87dd0 JavaThread "Finalizer"                  daemon [_thread_blocked, id=6216, stack(0x000000fec6700000,0x000000fec6800000) (1024K)]
  0x000002b1eef88ce0 JavaThread "Signal Dispatcher"          daemon [_thread_blocked, id=10936, stack(0x000000fec6800000,0x000000fec6900000) (1024K)]
  0x000002b1eef8ba00 JavaThread "Attach Listener"            daemon [_thread_blocked, id=7532, stack(0x000000fec6900000,0x000000fec6a00000) (1024K)]
  0x000002b1eef8e5d0 JavaThread "Service Thread"             daemon [_thread_blocked, id=6680, stack(0x000000fec6a00000,0x000000fec6b00000) (1024K)]
  0x000002b1eef8f020 JavaThread "Monitor Deflation Thread"   daemon [_thread_blocked, id=1488, stack(0x000000fec6b00000,0x000000fec6c00000) (1024K)]
  0x000002b1eef8fe50 JavaThread "C2 CompilerThread0"         daemon [_thread_in_native, id=11456, stack(0x000000fec6c00000,0x000000fec6d00000) (1024K)]
  0x000002b1ef000560 JavaThread "C1 CompilerThread0"         daemon [_thread_blocked, id=9748, stack(0x000000fec6d00000,0x000000fec6e00000) (1024K)]
  0x000002b1ef07ef40 JavaThread "Common-Cleaner"             daemon [_thread_blocked, id=10816, stack(0x000000fec6e00000,0x000000fec6f00000) (1024K)]
  0x000002b1ef91ef00 JavaThread "Notification Thread"        daemon [_thread_blocked, id=13036, stack(0x000000fec6f00000,0x000000fec7000000) (1024K)]
  0x000002b1ef017100 JavaThread "Active Thread: Equinox Container: a35ce4df-57c7-419e-8e18-224fde0cafa5"        [_thread_blocked, id=10940, stack(0x000000fec7100000,0x000000fec7200000) (1024K)]
  0x000002b1ef9cebc0 JavaThread "Refresh Thread: Equinox Container: a35ce4df-57c7-419e-8e18-224fde0cafa5" daemon [_thread_blocked, id=12916, stack(0x000000fec7200000,0x000000fec7300000) (1024K)]
  0x000002b1f40796b0 JavaThread "Framework Event Dispatcher: Equinox Container: a35ce4df-57c7-419e-8e18-224fde0cafa5" daemon [_thread_blocked, id=12492, stack(0x000000fec7300000,0x000000fec7400000) (1024K)]
  0x000002b1f407a260 JavaThread "Start Level: Equinox Container: a35ce4df-57c7-419e-8e18-224fde0cafa5" daemon [_thread_blocked, id=9824, stack(0x000000fec7400000,0x000000fec7500000) (1024K)]
  0x000002b1f45c2f40 JavaThread "Bundle File Closer"         daemon [_thread_blocked, id=4452, stack(0x000000fec7500000,0x000000fec7600000) (1024K)]
  0x000002b1f42d5ae0 JavaThread "SCR Component Actor"        daemon [_thread_blocked, id=7660, stack(0x000000fec7600000,0x000000fec7700000) (1024K)]
  0x000002b1f4716e70 JavaThread "Worker-JM"                         [_thread_blocked, id=8992, stack(0x000000fec7800000,0x000000fec7900000) (1024K)]
  0x000002b1f4714da0 JavaThread "JNA Cleaner"                daemon [_thread_blocked, id=1456, stack(0x000000fec7900000,0x000000fec7a00000) (1024K)]
  0x000002b1f4715430 JavaThread "Worker-0"                          [_thread_blocked, id=12864, stack(0x000000fec7a00000,0x000000fec7b00000) (1024K)]
  0x000002b1f4715ac0 JavaThread "Worker-1: Building"                [_thread_blocked, id=10932, stack(0x000000fec7b00000,0x000000fec7c00000) (1024K)]
  0x000002b1f4716150 JavaThread "Worker-2"                          [_thread_blocked, id=12376, stack(0x000000fec7c00000,0x000000fec7d00000) (1024K)]
  0x000002b1f47167e0 JavaThread "Java indexing"              daemon [_thread_blocked, id=9924, stack(0x000000fec7700000,0x000000fec7800000) (1024K)]
  0x000002b1f4714080 JavaThread "Worker-3"                          [_thread_blocked, id=11920, stack(0x000000fec7f00000,0x000000fec8000000) (1024K)]
  0x000002b1f47139f0 JavaThread "Worker-4: Publish Diagnostics"        [_thread_blocked, id=10728, stack(0x000000fec8000000,0x000000fec8100000) (1024K)]
  0x000002b1f5b06090 JavaThread "Thread-2"                   daemon [_thread_blocked, id=13068, stack(0x000000fec8100000,0x000000fec8200000) (1024K)]
  0x000002b1f5b03fc0 JavaThread "Thread-3"                   daemon [_thread_blocked, id=8596, stack(0x000000fec8200000,0x000000fec8300000) (1024K)]
  0x000002b1f5b06720 JavaThread "Thread-4"                   daemon [_thread_blocked, id=6968, stack(0x000000fec8300000,0x000000fec8400000) (1024K)]
  0x000002b1f5b07ad0 JavaThread "pool-2-thread-1"                   [_thread_blocked, id=708, stack(0x000000fec8400000,0x000000fec8500000) (1024K)]
  0x000002b1f5b032a0 JavaThread "WorkspaceEventsHandler"            [_thread_blocked, id=9208, stack(0x000000fec8500000,0x000000fec8600000) (1024K)]
  0x000002b1f5b06db0 JavaThread "pool-1-thread-1"                   [_thread_blocked, id=11268, stack(0x000000fec8600000,0x000000fec8700000) (1024K)]
  0x000002b1f5b08160 JavaThread "Compiler Processing Task"   daemon [_thread_blocked, id=4832, stack(0x000000fec8900000,0x000000fec8a00000) (1024K)]
  0x000002b1f5b087f0 JavaThread "Compiler Class File Writer" daemon [_thread_blocked, id=6772, stack(0x000000fec8a00000,0x000000fec8b00000) (1024K)]
  0x000002b1f6c41ff0 JavaThread "ForkJoinPool.commonPool-worker-1" daemon [_thread_blocked, id=3564, stack(0x000000fec8d00000,0x000000fec8e00000) (1024K)]
  0x000002b1f6c40c40 JavaThread "Worker-5"                          [_thread_blocked, id=10656, stack(0x000000fec8f00000,0x000000fec9000000) (1024K)]
  0x000002b1f6c412d0 JavaThread "Worker-6"                          [_thread_blocked, id=2236, stack(0x000000fec9200000,0x000000fec9300000) (1024K)]
  0x000002b1f5b08e80 JavaThread "Cleaner-0"                  daemon [_thread_blocked, id=12316, stack(0x000000fec6100000,0x000000fec6200000) (1024K)]
=>0x000002b1f6c405b0 JavaThread "Thread-345"                        [_thread_in_vm, id=13472, stack(0x000000fec6000000,0x000000fec6100000) (1024K)]
  0x000002b1f6c3bd80 JavaThread "Thread-348"                        [_thread_blocked, id=788, stack(0x000000fec7e00000,0x000000fec7f00000) (1024K)]
Total: 39

Other Threads:
  0x000002b1eef69230 VMThread "VM Thread"                           [id=12860, stack(0x000000fec6500000,0x000000fec6600000) (1024K)] _threads_hazard_ptr=0x000002b1f714c830
  0x000002b1eef21ae0 WatcherThread "VM Periodic Task Thread"        [id=8744, stack(0x000000fec6400000,0x000000fec6500000) (1024K)]
  0x000002b1dacbaa50 WorkerThread "GC Thread#0"                     [id=6084, stack(0x000000fec6300000,0x000000fec6400000) (1024K)]
  0x000002b1f41211b0 WorkerThread "GC Thread#1"                     [id=11236, stack(0x000000fec7000000,0x000000fec7100000) (1024K)]
Total: 4

Threads with active compile tasks:
C2 CompilerThread0  314409 14518       4       org.lombokweb.asm.ClassReader::readCode (5117 bytes)
Total: 1

VM state: synchronizing (normal execution)

VM Mutex/Monitor currently owned by a thread:  ([mutex/lock_event])
[0x00007ffaf547c300] Metaspace_lock - owner thread: 0x000002b1f6c405b0
[0x00007ffaf547e380] Threads_lock - owner thread: 0x000002b1eef69230
[0x00007ffaf547e480] Heap_lock - owner thread: 0x000002b1f47139f0

Heap address: 0x00000000c0000000, size: 1024 MB, Compressed Oops mode: 32-bit

CDS archive(s) mapped at: [0x000002b180000000-0x000002b180ba0000-0x000002b180ba0000), size 12189696, SharedBaseAddress: 0x000002b180000000, ArchiveRelocationMode: 1.
Compressed class space mapped at: 0x000002b181000000-0x000002b1c1000000, reserved size: 1073741824
Narrow klass base: 0x000002b180000000, Narrow klass shift: 0, Narrow klass range: 0x100000000

GC Precious Log:
 CardTable entry size: 512
 CPUs: 2 total, 2 available
 Memory: 3916M
 Large Page Support: Disabled
 NUMA Support: Disabled
 Compressed Oops: Enabled (32-bit)
 Alignments: Space 512K, Generation 512K, Heap 2M
 Heap Min Capacity: 100M
 Heap Initial Capacity: 100M
 Heap Max Capacity: 1G
 Pre-touch: Disabled
 Parallel Workers: 2

Heap:
 PSYoungGen      total 2048K, used 1759K [0x00000000eab00000, 0x00000000eb000000, 0x0000000100000000)
  eden space 1536K, 99% used [0x00000000eab00000,0x00000000eac7fff0,0x00000000eac80000)
  from space 512K, 43% used [0x00000000eaf80000,0x00000000eafb8000,0x00000000eb000000)
  to   space 512K, 0% used [0x00000000eaf00000,0x00000000eaf00000,0x00000000eaf80000)
 ParOldGen       total 550400K, used 550145K [0x00000000c0000000, 0x00000000e1980000, 0x00000000eab00000)
  object space 550400K, 99% used [0x00000000c0000000,0x00000000e1940478,0x00000000e1980000)
 Metaspace       used 80277K, committed 81856K, reserved 1179648K
  class space    used 8383K, committed 9088K, reserved 1048576K

Card table byte_map: [0x000002b1da680000,0x000002b1da890000] _byte_map_base: 0x000002b1da080000

Marking Bits: (ParMarkBitMap*) 0x00007ffaf5483260
 Begin Bits: [0x000002b1ecea0000, 0x000002b1edea0000)
 End Bits:   [0x000002b1edea0000, 0x000002b1eeea0000)

Polling page: 0x000002b1da470000

Metaspace:

Usage:
  Non-class:     70.21 MB used.
      Class:      8.19 MB used.
       Both:     78.40 MB used.

Virtual space:
  Non-class space:      128.00 MB reserved,      71.06 MB ( 56%) committed,  2 nodes.
      Class space:        1.00 GB reserved,       8.88 MB ( <1%) committed,  1 nodes.
             Both:        1.12 GB reserved,      79.94 MB (  7%) committed. 

Chunk freelists:
   Non-Class:  8.67 MB
       Class:  7.00 MB
        Both:  15.67 MB

MaxMetaspaceSize: unlimited
CompressedClassSpaceSize: 1.00 GB
Initial GC threshold: 21.00 MB
Current GC threshold: 97.31 MB
CDS: on
 - commit_granule_bytes: 65536.
 - commit_granule_words: 8192.
 - virtual_space_node_default_size: 8388608.
 - enlarge_chunks_in_place: 1.
 - use_allocation_guard: 0.


Internal statistics:

num_allocs_failed_limit: 9.
num_arena_births: 1432.
num_arena_deaths: 14.
num_vsnodes_births: 3.
num_vsnodes_deaths: 0.
num_space_committed: 1279.
num_space_uncommitted: 0.
num_chunks_returned_to_freelist: 23.
num_chunks_taken_from_freelist: 5128.
num_chunk_merges: 15.
num_chunk_splits: 3123.
num_chunks_enlarged: 1738.
num_inconsistent_stats: 0.

CodeHeap 'non-profiled nmethods': size=120064Kb used=11938Kb max_used=11938Kb free=108125Kb
 bounds [0x000002b1e5960000, 0x000002b1e6510000, 0x000002b1ecea0000]
CodeHeap 'profiled nmethods': size=120000Kb used=33374Kb max_used=33374Kb free=86625Kb
 bounds [0x000002b1ddea0000, 0x000002b1dff40000, 0x000002b1e53d0000]
CodeHeap 'non-nmethods': size=5696Kb used=1501Kb max_used=1575Kb free=4194Kb
 bounds [0x000002b1e53d0000, 0x000002b1e5640000, 0x000002b1e5960000]
 total_blobs=14449 nmethods=13625 adapters=728
 compilation: enabled
              stopped_count=0, restarted_count=0
 full_count=0

Compilation events (20 events):
Event: 313.541 Thread 0x000002b1ef000560 14509       1       org.eclipse.jdt.core.dom.MethodDeclaration::parameters (5 bytes)
Event: 313.541 Thread 0x000002b1ef000560 nmethod 14509 0x000002b1e6505f90 code [0x000002b1e6506120, 0x000002b1e65061e8]
Event: 313.541 Thread 0x000002b1ef000560 14510       3       org.eclipse.jdt.internal.compiler.lookup.SourceTypeBinding::kind (31 bytes)
Event: 313.542 Thread 0x000002b1ef000560 nmethod 14510 0x000002b1dff35310 code [0x000002b1dff35500, 0x000002b1dff35b38]
Event: 313.542 Thread 0x000002b1ef000560 14511       3       org.eclipse.jdt.internal.corext.dom.ScopeAnalyzer::hasFlag (10 bytes)
Event: 313.542 Thread 0x000002b1ef000560 nmethod 14511 0x000002b1dff35c90 code [0x000002b1dff35e40, 0x000002b1dff35f90]
Event: 313.542 Thread 0x000002b1ef000560 14512       3       org.eclipse.jdt.internal.compiler.lookup.ReferenceBinding::isNonSealed (15 bytes)
Event: 313.542 Thread 0x000002b1ef000560 nmethod 14512 0x000002b1dff36010 code [0x000002b1dff361c0, 0x000002b1dff36338]
Event: 313.543 Thread 0x000002b1ef000560 14513       3       org.eclipse.jdt.internal.core.JavaProject::calculateHashCode (8 bytes)
Event: 313.543 Thread 0x000002b1ef000560 nmethod 14513 0x000002b1dff36410 code [0x000002b1dff365c0, 0x000002b1dff36798]
Event: 313.543 Thread 0x000002b1ef000560 14514       3       org.eclipse.jdt.internal.compiler.lookup.TypeBinding::isParameterizedTypeWithActualArguments (24 bytes)
Event: 313.544 Thread 0x000002b1ef000560 nmethod 14514 0x000002b1dff36890 code [0x000002b1dff36a60, 0x000002b1dff36dd0]
Event: 313.544 Thread 0x000002b1ef000560 14515       3       org.eclipse.jdt.core.dom.TypeBinding::isRawType (8 bytes)
Event: 313.544 Thread 0x000002b1ef000560 nmethod 14515 0x000002b1dff36e90 code [0x000002b1dff37040, 0x000002b1dff372b8]
Event: 313.549 Thread 0x000002b1eef8fe50 nmethod 14508 0x000002b1e6506290 code [0x000002b1e6506500, 0x000002b1e6507528]
Event: 313.560 Thread 0x000002b1eef8fe50 14516       4       org.lombokweb.asm.Label::addLineNumber (106 bytes)
Event: 313.566 Thread 0x000002b1eef8fe50 nmethod 14516 0x000002b1e6507e10 code [0x000002b1e6507fa0, 0x000002b1e6508068]
Event: 313.566 Thread 0x000002b1eef8fe50 14517       4       org.lombokweb.asm.MethodWriter::visitLineNumber (50 bytes)
Event: 313.573 Thread 0x000002b1eef8fe50 nmethod 14517 0x000002b1e6508110 code [0x000002b1e65082e0, 0x000002b1e65087d8]
Event: 313.573 Thread 0x000002b1eef8fe50 14518       4       org.lombokweb.asm.ClassReader::readCode (5117 bytes)

GC Heap History (20 events):
Event: 312.360 GC heap before
{Heap before GC invocations=664 (full 3):
 PSYoungGen      total 1024K, used 637K [0x00000000eab00000, 0x00000000eb000000, 0x0000000100000000)
  eden space 512K, 99% used [0x00000000eab00000,0x00000000eab7f400,0x00000000eab80000)
  from space 512K, 25% used [0x00000000eaf80000,0x00000000eafa0000,0x00000000eb000000)
  to   space 512K, 0% used [0x00000000eab80000,0x00000000eab80000,0x00000000eac00000)
 ParOldGen       total 549376K, used 548896K [0x00000000c0000000, 0x00000000e1880000, 0x00000000eab00000)
  object space 549376K, 99% used [0x00000000c0000000,0x00000000e18082c8,0x00000000e1880000)
 Metaspace       used 79666K, committed 81344K, reserved 1179648K
  class space    used 8308K, committed 9024K, reserved 1048576K
}
Event: 312.366 GC heap after
{Heap after GC invocations=664 (full 3):
 PSYoungGen      total 1024K, used 64K [0x00000000eab00000, 0x00000000eb000000, 0x0000000100000000)
  eden space 512K, 0% used [0x00000000eab00000,0x00000000eab00000,0x00000000eab80000)
  from space 512K, 12% used [0x00000000eab80000,0x00000000eab90000,0x00000000eac00000)
  to   space 512K, 0% used [0x00000000eaf80000,0x00000000eaf80000,0x00000000eb000000)
 ParOldGen       total 549376K, used 548976K [0x00000000c0000000, 0x00000000e1880000, 0x00000000eab00000)
  object space 549376K, 99% used [0x00000000c0000000,0x00000000e181c2c8,0x00000000e1880000)
 Metaspace       used 79666K, committed 81344K, reserved 1179648K
  class space    used 8308K, committed 9024K, reserved 1048576K
}
Event: 312.369 GC heap before
{Heap before GC invocations=665 (full 3):
 PSYoungGen      total 1024K, used 575K [0x00000000eab00000, 0x00000000eb000000, 0x0000000100000000)
  eden space 512K, 99% used [0x00000000eab00000,0x00000000eab7ffb8,0x00000000eab80000)
  from space 512K, 12% used [0x00000000eab80000,0x00000000eab90000,0x00000000eac00000)
  to   space 512K, 0% used [0x00000000eaf80000,0x00000000eaf80000,0x00000000eb000000)
 ParOldGen       total 549376K, used 548976K [0x00000000c0000000, 0x00000000e1880000, 0x00000000eab00000)
  object space 549376K, 99% used [0x00000000c0000000,0x00000000e181c2c8,0x00000000e1880000)
 Metaspace       used 79666K, committed 81344K, reserved 1179648K
  class space    used 8308K, committed 9024K, reserved 1048576K
}
Event: 312.373 GC heap after
{Heap after GC invocations=665 (full 3):
 PSYoungGen      total 1536K, used 160K [0x00000000eab00000, 0x00000000eb000000, 0x0000000100000000)
  eden space 1024K, 0% used [0x00000000eab00000,0x00000000eab00000,0x00000000eac00000)
  from space 512K, 31% used [0x00000000eaf80000,0x00000000eafa8000,0x00000000eb000000)
  to   space 512K, 0% used [0x00000000eaf00000,0x00000000eaf00000,0x00000000eaf80000)
 ParOldGen       total 549376K, used 549000K [0x00000000c0000000, 0x00000000e1880000, 0x00000000eab00000)
  object space 549376K, 99% used [0x00000000c0000000,0x00000000e18222d8,0x00000000e1880000)
 Metaspace       used 79666K, committed 81344K, reserved 1179648K
  class space    used 8308K, committed 9024K, reserved 1048576K
}
Event: 312.409 GC heap before
{Heap before GC invocations=666 (full 3):
 PSYoungGen      total 1536K, used 1184K [0x00000000eab00000, 0x00000000eb000000, 0x0000000100000000)
  eden space 1024K, 100% used [0x00000000eab00000,0x00000000eac00000,0x00000000eac00000)
  from space 512K, 31% used [0x00000000eaf80000,0x00000000eafa8000,0x00000000eb000000)
  to   space 512K, 0% used [0x00000000eaf00000,0x00000000eaf00000,0x00000000eaf80000)
 ParOldGen       total 549376K, used 549000K [0x00000000c0000000, 0x00000000e1880000, 0x00000000eab00000)
  object space 549376K, 99% used [0x00000000c0000000,0x00000000e18222d8,0x00000000e1880000)
 Metaspace       used 79670K, committed 81344K, reserved 1179648K
  class space    used 8308K, committed 9024K, reserved 1048576K
}
Event: 312.416 GC heap after
{Heap after GC invocations=666 (full 3):
 PSYoungGen      total 2048K, used 384K [0x00000000eab00000, 0x00000000eb000000, 0x0000000100000000)
  eden space 1536K, 0% used [0x00000000eab00000,0x00000000eab00000,0x00000000eac80000)
  from space 512K, 75% used [0x00000000eaf00000,0x00000000eaf60000,0x00000000eaf80000)
  to   space 512K, 0% used [0x00000000eaf80000,0x00000000eaf80000,0x00000000eb000000)
 ParOldGen       total 549376K, used 549099K [0x00000000c0000000, 0x00000000e1880000, 0x00000000eab00000)
  object space 549376K, 99% used [0x00000000c0000000,0x00000000e183afa8,0x00000000e1880000)
 Metaspace       used 79670K, committed 81344K, reserved 1179648K
  class space    used 8308K, committed 9024K, reserved 1048576K
}
Event: 312.695 GC heap before
{Heap before GC invocations=667 (full 3):
 PSYoungGen      total 2048K, used 1920K [0x00000000eab00000, 0x00000000eb000000, 0x0000000100000000)
  eden space 1536K, 100% used [0x00000000eab00000,0x00000000eac80000,0x00000000eac80000)
  from space 512K, 75% used [0x00000000eaf00000,0x00000000eaf60000,0x00000000eaf80000)
  to   space 512K, 0% used [0x00000000eaf80000,0x00000000eaf80000,0x00000000eb000000)
 ParOldGen       total 549376K, used 549099K [0x00000000c0000000, 0x00000000e1880000, 0x00000000eab00000)
  object space 549376K, 99% used [0x00000000c0000000,0x00000000e183afa8,0x00000000e1880000)
 Metaspace       used 79693K, committed 81344K, reserved 1179648K
  class space    used 8308K, committed 9024K, reserved 1048576K
}
Event: 312.702 GC heap after
{Heap after GC invocations=667 (full 3):
 PSYoungGen      total 2048K, used 64K [0x00000000eab00000, 0x00000000eb000000, 0x0000000100000000)
  eden space 1536K, 0% used [0x00000000eab00000,0x00000000eab00000,0x00000000eac80000)
  from space 512K, 12% used [0x00000000eaf80000,0x00000000eaf90000,0x00000000eb000000)
  to   space 512K, 0% used [0x00000000eaf00000,0x00000000eaf00000,0x00000000eaf80000)
 ParOldGen       total 549888K, used 549427K [0x00000000c0000000, 0x00000000e1900000, 0x00000000eab00000)
  object space 549888K, 99% used [0x00000000c0000000,0x00000000e188cfa8,0x00000000e1900000)
 Metaspace       used 79693K, committed 81344K, reserved 1179648K
  class space    used 8308K, committed 9024K, reserved 1048576K
}
Event: 313.023 GC heap before
{Heap before GC invocations=668 (full 3):
 PSYoungGen      total 2048K, used 1599K [0x00000000eab00000, 0x00000000eb000000, 0x0000000100000000)
  eden space 1536K, 99% used [0x00000000eab00000,0x00000000eac7ffe8,0x00000000eac80000)
  from space 512K, 12% used [0x00000000eaf80000,0x00000000eaf90000,0x00000000eb000000)
  to   space 512K, 0% used [0x00000000eaf00000,0x00000000eaf00000,0x00000000eaf80000)
 ParOldGen       total 549888K, used 549427K [0x00000000c0000000, 0x00000000e1900000, 0x00000000eab00000)
  object space 549888K, 99% used [0x00000000c0000000,0x00000000e188cfa8,0x00000000e1900000)
 Metaspace       used 79708K, committed 81344K, reserved 1179648K
  class space    used 8308K, committed 9024K, reserved 1048576K
}
Event: 313.027 GC heap after
{Heap after GC invocations=668 (full 3):
 PSYoungGen      total 2048K, used 64K [0x00000000eab00000, 0x00000000eb000000, 0x0000000100000000)
  eden space 1536K, 0% used [0x00000000eab00000,0x00000000eab00000,0x00000000eac80000)
  from space 512K, 12% used [0x00000000eaf00000,0x00000000eaf10000,0x00000000eaf80000)
  to   space 512K, 0% used [0x00000000eaf80000,0x00000000eaf80000,0x00000000eb000000)
 ParOldGen       total 549888K, used 549459K [0x00000000c0000000, 0x00000000e1900000, 0x00000000eab00000)
  object space 549888K, 99% used [0x00000000c0000000,0x00000000e1894fa8,0x00000000e1900000)
 Metaspace       used 79708K, committed 81344K, reserved 1179648K
  class space    used 8308K, committed 9024K, reserved 1048576K
}
Event: 313.042 GC heap before
{Heap before GC invocations=669 (full 3):
 PSYoungGen      total 2048K, used 1599K [0x00000000eab00000, 0x00000000eb000000, 0x0000000100000000)
  eden space 1536K, 99% used [0x00000000eab00000,0x00000000eac7ffd0,0x00000000eac80000)
  from space 512K, 12% used [0x00000000eaf00000,0x00000000eaf10000,0x00000000eaf80000)
  to   space 512K, 0% used [0x00000000eaf80000,0x00000000eaf80000,0x00000000eb000000)
 ParOldGen       total 549888K, used 549459K [0x00000000c0000000, 0x00000000e1900000, 0x00000000eab00000)
  object space 549888K, 99% used [0x00000000c0000000,0x00000000e1894fa8,0x00000000e1900000)
 Metaspace       used 79715K, committed 81344K, reserved 1179648K
  class space    used 8308K, committed 9024K, reserved 1048576K
}
Event: 313.046 GC heap after
{Heap after GC invocations=669 (full 3):
 PSYoungGen      total 2048K, used 400K [0x00000000eab00000, 0x00000000eb000000, 0x0000000100000000)
  eden space 1536K, 0% used [0x00000000eab00000,0x00000000eab00000,0x00000000eac80000)
  from space 512K, 78% used [0x00000000eaf80000,0x00000000eafe4030,0x00000000eb000000)
  to   space 512K, 0% used [0x00000000eaf00000,0x00000000eaf00000,0x00000000eaf80000)
 ParOldGen       total 549888K, used 549491K [0x00000000c0000000, 0x00000000e1900000, 0x00000000eab00000)
  object space 549888K, 99% used [0x00000000c0000000,0x00000000e189cfa8,0x00000000e1900000)
 Metaspace       used 79715K, committed 81344K, reserved 1179648K
  class space    used 8308K, committed 9024K, reserved 1048576K
}
Event: 313.264 GC heap before
{Heap before GC invocations=670 (full 3):
 PSYoungGen      total 2048K, used 1936K [0x00000000eab00000, 0x00000000eb000000, 0x0000000100000000)
  eden space 1536K, 100% used [0x00000000eab00000,0x00000000eac80000,0x00000000eac80000)
  from space 512K, 78% used [0x00000000eaf80000,0x00000000eafe4030,0x00000000eb000000)
  to   space 512K, 0% used [0x00000000eaf00000,0x00000000eaf00000,0x00000000eaf80000)
 ParOldGen       total 549888K, used 549491K [0x00000000c0000000, 0x00000000e1900000, 0x00000000eab00000)
  object space 549888K, 99% used [0x00000000c0000000,0x00000000e189cfa8,0x00000000e1900000)
 Metaspace       used 79783K, committed 81408K, reserved 1179648K
  class space    used 8314K, committed 9024K, reserved 1048576K
}
Event: 313.268 GC heap after
{Heap after GC invocations=670 (full 3):
 PSYoungGen      total 2048K, used 192K [0x00000000eab00000, 0x00000000eb000000, 0x0000000100000000)
  eden space 1536K, 0% used [0x00000000eab00000,0x00000000eab00000,0x00000000eac80000)
  from space 512K, 37% used [0x00000000eaf00000,0x00000000eaf30000,0x00000000eaf80000)
  to   space 512K, 0% used [0x00000000eaf80000,0x00000000eaf80000,0x00000000eb000000)
 ParOldGen       total 549888K, used 549833K [0x00000000c0000000, 0x00000000e1900000, 0x00000000eab00000)
  object space 549888K, 99% used [0x00000000c0000000,0x00000000e18f2458,0x00000000e1900000)
 Metaspace       used 79783K, committed 81408K, reserved 1179648K
  class space    used 8314K, committed 9024K, reserved 1048576K
}
Event: 313.372 GC heap before
{Heap before GC invocations=671 (full 3):
 PSYoungGen      total 2048K, used 1727K [0x00000000eab00000, 0x00000000eb000000, 0x0000000100000000)
  eden space 1536K, 99% used [0x00000000eab00000,0x00000000eac7fff8,0x00000000eac80000)
  from space 512K, 37% used [0x00000000eaf00000,0x00000000eaf30000,0x00000000eaf80000)
  to   space 512K, 0% used [0x00000000eaf80000,0x00000000eaf80000,0x00000000eb000000)
 ParOldGen       total 549888K, used 549833K [0x00000000c0000000, 0x00000000e1900000, 0x00000000eab00000)
  object space 549888K, 99% used [0x00000000c0000000,0x00000000e18f2458,0x00000000e1900000)
 Metaspace       used 79829K, committed 81472K, reserved 1179648K
  class space    used 8316K, committed 9024K, reserved 1048576K
}
Event: 313.376 GC heap after
{Heap after GC invocations=671 (full 3):
 PSYoungGen      total 2048K, used 160K [0x00000000eab00000, 0x00000000eb000000, 0x0000000100000000)
  eden space 1536K, 0% used [0x00000000eab00000,0x00000000eab00000,0x00000000eac80000)
  from space 512K, 31% used [0x00000000eaf80000,0x00000000eafa8020,0x00000000eb000000)
  to   space 512K, 0% used [0x00000000eaf00000,0x00000000eaf00000,0x00000000eaf80000)
 ParOldGen       total 550400K, used 549985K [0x00000000c0000000, 0x00000000e1980000, 0x00000000eab00000)
  object space 550400K, 99% used [0x00000000c0000000,0x00000000e1918458,0x00000000e1980000)
 Metaspace       used 79829K, committed 81472K, reserved 1179648K
  class space    used 8316K, committed 9024K, reserved 1048576K
}
Event: 313.433 GC heap before
{Heap before GC invocations=672 (full 3):
 PSYoungGen      total 2048K, used 1696K [0x00000000eab00000, 0x00000000eb000000, 0x0000000100000000)
  eden space 1536K, 100% used [0x00000000eab00000,0x00000000eac80000,0x00000000eac80000)
  from space 512K, 31% used [0x00000000eaf80000,0x00000000eafa8020,0x00000000eb000000)
  to   space 512K, 0% used [0x00000000eaf00000,0x00000000eaf00000,0x00000000eaf80000)
 ParOldGen       total 550400K, used 549985K [0x00000000c0000000, 0x00000000e1980000, 0x00000000eab00000)
  object space 550400K, 99% used [0x00000000c0000000,0x00000000e1918458,0x00000000e1980000)
 Metaspace       used 79966K, committed 81600K, reserved 1179648K
  class space    used 8348K, committed 9088K, reserved 1048576K
}
Event: 313.437 GC heap after
{Heap after GC invocations=672 (full 3):
 PSYoungGen      total 2048K, used 106K [0x00000000eab00000, 0x00000000eb000000, 0x0000000100000000)
  eden space 1536K, 0% used [0x00000000eab00000,0x00000000eab00000,0x00000000eac80000)
  from space 512K, 20% used [0x00000000eaf00000,0x00000000eaf1a9d0,0x00000000eaf80000)
  to   space 512K, 0% used [0x00000000eaf80000,0x00000000eaf80000,0x00000000eb000000)
 ParOldGen       total 550400K, used 550129K [0x00000000c0000000, 0x00000000e1980000, 0x00000000eab00000)
  object space 550400K, 99% used [0x00000000c0000000,0x00000000e193c478,0x00000000e1980000)
 Metaspace       used 79966K, committed 81600K, reserved 1179648K
  class space    used 8348K, committed 9088K, reserved 1048576K
}
Event: 313.561 GC heap before
{Heap before GC invocations=673 (full 3):
 PSYoungGen      total 2048K, used 1642K [0x00000000eab00000, 0x00000000eb000000, 0x0000000100000000)
  eden space 1536K, 100% used [0x00000000eab00000,0x00000000eac80000,0x00000000eac80000)
  from space 512K, 20% used [0x00000000eaf00000,0x00000000eaf1a9d0,0x00000000eaf80000)
  to   space 512K, 0% used [0x00000000eaf80000,0x00000000eaf80000,0x00000000eb000000)
 ParOldGen       total 550400K, used 550129K [0x00000000c0000000, 0x00000000e1980000, 0x00000000eab00000)
  object space 550400K, 99% used [0x00000000c0000000,0x00000000e193c478,0x00000000e1980000)
 Metaspace       used 80131K, committed 81728K, reserved 1179648K
  class space    used 8371K, committed 9088K, reserved 1048576K
}
Event: 313.566 GC heap after
{Heap after GC invocations=673 (full 3):
 PSYoungGen      total 2048K, used 224K [0x00000000eab00000, 0x00000000eb000000, 0x0000000100000000)
  eden space 1536K, 0% used [0x00000000eab00000,0x00000000eab00000,0x00000000eac80000)
  from space 512K, 43% used [0x00000000eaf80000,0x00000000eafb8000,0x00000000eb000000)
  to   space 512K, 0% used [0x00000000eaf00000,0x00000000eaf00000,0x00000000eaf80000)
 ParOldGen       total 550400K, used 550145K [0x00000000c0000000, 0x00000000e1980000, 0x00000000eab00000)
  object space 550400K, 99% used [0x00000000c0000000,0x00000000e1940478,0x00000000e1980000)
 Metaspace       used 80131K, committed 81728K, reserved 1179648K
  class space    used 8371K, committed 9088K, reserved 1048576K
}

Dll operation events (12 events):
Event: 0.025 Loaded shared library c:\Users\Darnelle\.vscode\extensions\redhat.java-1.41.1-win32-x64\jre\21.0.6-win32-x86_64\bin\java.dll
Event: 0.840 Loaded shared library c:\Users\Darnelle\.vscode\extensions\redhat.java-1.41.1-win32-x64\jre\21.0.6-win32-x86_64\bin\zip.dll
Event: 1.153 Loaded shared library C:\Users\Darnelle\.vscode\extensions\redhat.java-1.41.1-win32-x64\jre\21.0.6-win32-x86_64\bin\instrument.dll
Event: 1.169 Loaded shared library C:\Users\Darnelle\.vscode\extensions\redhat.java-1.41.1-win32-x64\jre\21.0.6-win32-x86_64\bin\net.dll
Event: 1.189 Loaded shared library C:\Users\Darnelle\.vscode\extensions\redhat.java-1.41.1-win32-x64\jre\21.0.6-win32-x86_64\bin\nio.dll
Event: 1.226 Loaded shared library C:\Users\Darnelle\.vscode\extensions\redhat.java-1.41.1-win32-x64\jre\21.0.6-win32-x86_64\bin\zip.dll
Event: 1.391 Loaded shared library C:\Users\Darnelle\.vscode\extensions\redhat.java-1.41.1-win32-x64\jre\21.0.6-win32-x86_64\bin\jimage.dll
Event: 1.936 Loaded shared library c:\Users\Darnelle\.vscode\extensions\redhat.java-1.41.1-win32-x64\jre\21.0.6-win32-x86_64\bin\verify.dll
Event: 12.114 Loaded shared library C:\Users\Darnelle\AppData\Roaming\Code\User\globalStorage\redhat.java\1.41.1\config_win\org.eclipse.equinox.launcher\org.eclipse.equinox.launcher.win32.win32.x86_64_1.2.1300.v20250331-1702\eclipse_11911.dll
Event: 23.473 Loaded shared library C:\Users\Darnelle\AppData\Local\Temp\jna-1808956281\jna9212441035145330802.dll
Event: 136.657 Loaded shared library C:\Users\Darnelle\.vscode\extensions\redhat.java-1.41.1-win32-x64\jre\21.0.6-win32-x86_64\bin\sunmscapi.dll
Event: 245.643 Loaded shared library C:\Users\Darnelle\.vscode\extensions\redhat.java-1.41.1-win32-x64\jre\21.0.6-win32-x86_64\bin\extnet.dll

Deoptimization events (20 events):
Event: 310.559 Thread 0x000002b1f5b06db0 DEOPT PACKING pc=0x000002b1df605de2 sp=0x000000fec86fdb40
Event: 310.559 Thread 0x000002b1f5b06db0 DEOPT UNPACKING pc=0x000002b1e5424223 sp=0x000000fec86fd058 mode 0
Event: 311.791 Thread 0x000002b1f6c3eb70 DEOPT PACKING pc=0x000002b1dfbdff09 sp=0x000000fec90fe570
Event: 311.791 Thread 0x000002b1f6c3eb70 DEOPT UNPACKING pc=0x000002b1e5424223 sp=0x000000fec90fda90 mode 0
Event: 311.847 Thread 0x000002b1f5b08160 DEOPT PACKING pc=0x000002b1df599f3f sp=0x000000fec89fe8f0
Event: 311.847 Thread 0x000002b1f5b08160 DEOPT UNPACKING pc=0x000002b1e5424223 sp=0x000000fec89fde00 mode 0
Event: 312.183 Thread 0x000002b1f5b08160 DEOPT PACKING pc=0x000002b1dfea33df sp=0x000000fec89fec40
Event: 312.183 Thread 0x000002b1f5b08160 DEOPT UNPACKING pc=0x000002b1e5424223 sp=0x000000fec89fe110 mode 0
Event: 312.376 Thread 0x000002b1f4714080 Uncommon trap: trap_request=0xffffff6e fr.pc=0x000002b1e64d98b4 relative=0x0000000000000db4
Event: 312.376 Thread 0x000002b1f4714080 Uncommon trap: reason=loop_limit_check action=maybe_recompile pc=0x000002b1e64d98b4 method=org.eclipse.jdt.internal.compiler.lookup.BinaryTypeBinding.createMethods([Lorg/eclipse/jdt/internal/compiler/env/IBinaryMethod;Lorg/eclipse/jdt/internal/compiler/en
Event: 312.376 Thread 0x000002b1f4714080 DEOPT PACKING pc=0x000002b1e64d98b4 sp=0x000000fec7ffe320
Event: 312.376 Thread 0x000002b1f4714080 DEOPT UNPACKING pc=0x000002b1e5423a9c sp=0x000000fec7ffe288 mode 2
Event: 312.811 Thread 0x000002b1f5b06db0 DEOPT PACKING pc=0x000002b1df6b54cc sp=0x000000fec86fdd00
Event: 312.811 Thread 0x000002b1f5b06db0 DEOPT UNPACKING pc=0x000002b1e5424223 sp=0x000000fec86fd238 mode 0
Event: 313.244 Thread 0x000002b1f6c3eb70 DEOPT PACKING pc=0x000002b1dfbdff09 sp=0x000000fec7efe290
Event: 313.244 Thread 0x000002b1f6c3eb70 DEOPT UNPACKING pc=0x000002b1e5424223 sp=0x000000fec7efd7b0 mode 0
Event: 313.416 Thread 0x000002b1f6c405b0 DEOPT PACKING pc=0x000002b1ddfc5339 sp=0x000000fec60fbb10
Event: 313.416 Thread 0x000002b1f6c405b0 DEOPT UNPACKING pc=0x000002b1e5424223 sp=0x000000fec60fb010 mode 0
Event: 313.566 Thread 0x000002b1f6c405b0 DEOPT PACKING pc=0x000002b1dece2439 sp=0x000000fec60f69f0
Event: 313.566 Thread 0x000002b1f6c405b0 DEOPT UNPACKING pc=0x000002b1e5424223 sp=0x000000fec60f6100 mode 0

Classes loaded (20 events):
Event: 248.165 Loading class sun/security/ssl/PreSharedKeyExtension$SHPreSharedKeySpec
Event: 248.165 Loading class sun/security/ssl/PreSharedKeyExtension$SHPreSharedKeySpec done
Event: 248.240 Loading class sun/net/www/http/KeepAliveCleanerEntry
Event: 248.240 Loading class sun/net/www/http/KeepAliveCleanerEntry done
Event: 248.240 Loading class sun/net/www/http/KeepAliveStream$1
Event: 248.240 Loading class sun/net/www/http/KeepAliveStream$1 done
Event: 248.252 Loading class sun/net/www/http/ChunkedInputStream
Event: 248.253 Loading class sun/net/www/http/ChunkedInputStream done
Event: 248.271 Loading class sun/net/www/http/KeepAliveCache$1
Event: 248.271 Loading class sun/net/www/http/KeepAliveCache$1 done
Event: 248.271 Loading class sun/net/www/http/KeepAliveCache$ClientVector
Event: 248.272 Loading class sun/net/www/http/KeepAliveCache$ClientVector done
Event: 248.316 Loading class sun/net/www/http/KeepAliveEntry
Event: 248.316 Loading class sun/net/www/http/KeepAliveEntry done
Event: 258.293 Loading class sun/security/ssl/Alert
Event: 258.294 Loading class sun/security/ssl/Alert done
Event: 258.295 Loading class sun/security/ssl/Alert$AlertConsumer
Event: 258.295 Loading class sun/security/ssl/Alert$AlertConsumer done
Event: 258.295 Loading class sun/security/ssl/Alert$Level
Event: 258.296 Loading class sun/security/ssl/Alert$Level done

Classes unloaded (7 events):
Event: 30.623 Thread 0x000002b1eef69230 Unloading class 0x000002b18119bc00 'java/lang/invoke/LambdaForm$MH+0x000002b18119bc00'
Event: 30.623 Thread 0x000002b1eef69230 Unloading class 0x000002b18119b800 'java/lang/invoke/LambdaForm$MH+0x000002b18119b800'
Event: 30.623 Thread 0x000002b1eef69230 Unloading class 0x000002b18119b400 'java/lang/invoke/LambdaForm$MH+0x000002b18119b400'
Event: 30.623 Thread 0x000002b1eef69230 Unloading class 0x000002b18119b000 'java/lang/invoke/LambdaForm$MH+0x000002b18119b000'
Event: 30.623 Thread 0x000002b1eef69230 Unloading class 0x000002b18119ac00 'java/lang/invoke/LambdaForm$BMH+0x000002b18119ac00'
Event: 30.623 Thread 0x000002b1eef69230 Unloading class 0x000002b18119a800 'java/lang/invoke/LambdaForm$DMH+0x000002b18119a800'
Event: 30.623 Thread 0x000002b1eef69230 Unloading class 0x000002b181199400 'java/lang/invoke/LambdaForm$DMH+0x000002b181199400'

Classes redefined (0 events):
No events

Internal exceptions (20 events):
Event: 250.361 Thread 0x000002b1f47167e0 Exception <a 'sun/nio/fs/WindowsException'{0x00000000eab62f50}> (0x00000000eab62f50) 
thrown [s\src\hotspot\share\prims\jni.cpp, line 520]
Event: 252.580 Thread 0x000002b1f47167e0 Exception <a 'sun/nio/fs/WindowsException'{0x00000000eabead00}> (0x00000000eabead00) 
thrown [s\src\hotspot\share\prims\jni.cpp, line 520]
Event: 253.593 Thread 0x000002b1f47167e0 Exception <a 'sun/nio/fs/WindowsException'{0x00000000eabc6438}> (0x00000000eabc6438) 
thrown [s\src\hotspot\share\prims\jni.cpp, line 520]
Event: 267.018 Thread 0x000002b1f6c41960 Implicit null exception at 0x000002b1e632afe1 to 0x000002b1e632b160
Event: 267.371 Thread 0x000002b1f6c41960 Implicit null exception at 0x000002b1e5cb9a4b to 0x000002b1e5cb9ba8
Event: 267.440 Thread 0x000002b1f6c41960 Exception <a 'java/lang/ClassNotFoundException'{0x00000000eab72438}: sun/net/www/protocol/jdt/Handler> (0x00000000eab72438) 
thrown [s\src\hotspot\share\classfile\systemDictionary.cpp, line 312]
Event: 267.441 Thread 0x000002b1f6c41960 Exception <a 'java/lang/ClassNotFoundException'{0x00000000eab74cf0}: sun/net/www/protocol/jdt/Handler> (0x00000000eab74cf0) 
thrown [s\src\hotspot\share\classfile\systemDictionary.cpp, line 312]
Event: 267.442 Thread 0x000002b1f6c41960 Exception <a 'java/lang/ClassNotFoundException'{0x00000000eab775c8}: sun/net/www/protocol/jdt/Handler> (0x00000000eab775c8) 
thrown [s\src\hotspot\share\classfile\systemDictionary.cpp, line 312]
Event: 286.376 Thread 0x000002b1f47167e0 Exception <a 'sun/nio/fs/WindowsException'{0x00000000eab28e20}> (0x00000000eab28e20) 
thrown [s\src\hotspot\share\prims\jni.cpp, line 520]
Event: 287.052 Thread 0x000002b1f47167e0 Exception <a 'sun/nio/fs/WindowsException'{0x00000000eab9b2b0}> (0x00000000eab9b2b0) 
thrown [s\src\hotspot\share\prims\jni.cpp, line 520]
Event: 288.417 Thread 0x000002b1f6c41960 Exception <a 'java/lang/NoSuchMethodError'{0x00000000eab4d090}: 'void java.lang.invoke.DirectMethodHandle$Holder.invokeStatic(java.lang.Object, int, java.lang.Object)'> (0x00000000eab4d090) 
thrown [s\src\hotspot\share\interpreter\linkResolver.cpp, line 773]
Event: 289.861 Thread 0x000002b1f47167e0 Exception <a 'sun/nio/fs/WindowsException'{0x00000000eac0d348}> (0x00000000eac0d348) 
thrown [s\src\hotspot\share\prims\jni.cpp, line 520]
Event: 292.139 Thread 0x000002b1f47167e0 Exception <a 'sun/nio/fs/WindowsException'{0x00000000ead44470}> (0x00000000ead44470) 
thrown [s\src\hotspot\share\prims\jni.cpp, line 520]
Event: 309.920 Thread 0x000002b1f5b06db0 Exception <a 'java/lang/ArrayIndexOutOfBoundsException'{0x00000000eabb2088}> (0x00000000eabb2088) 
thrown [s\src\hotspot\share\runtime\sharedRuntime.cpp, line 625]
Event: 309.957 Thread 0x000002b1f5b06db0 Exception <a 'java/lang/ArrayIndexOutOfBoundsException'{0x00000000eac66060}> (0x00000000eac66060) 
thrown [s\src\hotspot\share\runtime\sharedRuntime.cpp, line 625]
Event: 309.960 Thread 0x000002b1f5b06db0 Exception <a 'java/lang/ArrayIndexOutOfBoundsException'{0x00000000eac68298}> (0x00000000eac68298) 
thrown [s\src\hotspot\share\runtime\sharedRuntime.cpp, line 625]
Event: 309.960 Thread 0x000002b1f5b06db0 Exception <a 'java/lang/ArrayIndexOutOfBoundsException'{0x00000000eac68af8}> (0x00000000eac68af8) 
thrown [s\src\hotspot\share\runtime\sharedRuntime.cpp, line 625]
Event: 310.533 Thread 0x000002b1f47167e0 Exception <a 'sun/nio/fs/WindowsException'{0x00000000ead9cde0}> (0x00000000ead9cde0) 
thrown [s\src\hotspot\share\prims\jni.cpp, line 520]
Event: 311.678 Thread 0x000002b1f47167e0 Exception <a 'sun/nio/fs/WindowsException'{0x00000000eab76ab8}> (0x00000000eab76ab8) 
thrown [s\src\hotspot\share\prims\jni.cpp, line 520]
Event: 313.098 Thread 0x000002b1f5b06db0 Exception <a 'java/lang/IncompatibleClassChangeError'{0x00000000eab8f6f8}: Found class java.lang.Object, but interface was expected> (0x00000000eab8f6f8) 
thrown [s\src\hotspot\share\interpreter\linkResolver.cpp, line 840]

ZGC Phase Switch (0 events):
No events

VM Operations (20 events):
Event: 312.369 Executing VM operation: ParallelGCFailedAllocation (Allocation Failure)
Event: 312.373 Executing VM operation: ParallelGCFailedAllocation (Allocation Failure) done
Event: 312.409 Executing VM operation: ParallelGCFailedAllocation (Allocation Failure)
Event: 312.416 Executing VM operation: ParallelGCFailedAllocation (Allocation Failure) done
Event: 312.695 Executing VM operation: ParallelGCFailedAllocation (Allocation Failure)
Event: 312.702 Executing VM operation: ParallelGCFailedAllocation (Allocation Failure) done
Event: 313.020 Executing VM operation: ParallelGCFailedAllocation (Allocation Failure)
Event: 313.027 Executing VM operation: ParallelGCFailedAllocation (Allocation Failure) done
Event: 313.042 Executing VM operation: ParallelGCFailedAllocation (Allocation Failure)
Event: 313.046 Executing VM operation: ParallelGCFailedAllocation (Allocation Failure) done
Event: 313.144 Executing VM operation: HandshakeAllThreads (Deoptimize)
Event: 313.144 Executing VM operation: HandshakeAllThreads (Deoptimize) done
Event: 313.244 Executing VM operation: ParallelGCFailedAllocation (Allocation Failure)
Event: 313.268 Executing VM operation: ParallelGCFailedAllocation (Allocation Failure) done
Event: 313.372 Executing VM operation: ParallelGCFailedAllocation (Allocation Failure)
Event: 313.376 Executing VM operation: ParallelGCFailedAllocation (Allocation Failure) done
Event: 313.433 Executing VM operation: ParallelGCFailedAllocation (Allocation Failure)
Event: 313.437 Executing VM operation: ParallelGCFailedAllocation (Allocation Failure) done
Event: 313.561 Executing VM operation: ParallelGCFailedAllocation (Allocation Failure)
Event: 313.566 Executing VM operation: ParallelGCFailedAllocation (Allocation Failure) done

Memory protections (0 events):
No events

Nmethod flushes (20 events):
Event: 127.007 Thread 0x000002b1eef69230 flushing  nmethod 0x000002b1de840510
Event: 127.007 Thread 0x000002b1eef69230 flushing  nmethod 0x000002b1de84c890
Event: 127.007 Thread 0x000002b1eef69230 flushing  nmethod 0x000002b1de84e510
Event: 127.007 Thread 0x000002b1eef69230 flushing  nmethod 0x000002b1de84e990
Event: 127.007 Thread 0x000002b1eef69230 flushing  nmethod 0x000002b1de851790
Event: 127.007 Thread 0x000002b1eef69230 flushing  nmethod 0x000002b1de852690
Event: 127.007 Thread 0x000002b1eef69230 flushing  nmethod 0x000002b1de85c590
Event: 127.007 Thread 0x000002b1eef69230 flushing  nmethod 0x000002b1de869e10
Event: 127.007 Thread 0x000002b1eef69230 flushing  nmethod 0x000002b1de86cc90
Event: 127.007 Thread 0x000002b1eef69230 flushing  nmethod 0x000002b1de86e010
Event: 127.007 Thread 0x000002b1eef69230 flushing  nmethod 0x000002b1de86e690
Event: 127.007 Thread 0x000002b1eef69230 flushing  nmethod 0x000002b1de86fd10
Event: 127.007 Thread 0x000002b1eef69230 flushing  nmethod 0x000002b1de870290
Event: 127.007 Thread 0x000002b1eef69230 flushing  nmethod 0x000002b1de872010
Event: 127.007 Thread 0x000002b1eef69230 flushing  nmethod 0x000002b1de872490
Event: 127.007 Thread 0x000002b1eef69230 flushing  nmethod 0x000002b1de8dc490
Event: 127.007 Thread 0x000002b1eef69230 flushing  nmethod 0x000002b1de8dd410
Event: 127.007 Thread 0x000002b1eef69230 flushing  nmethod 0x000002b1de8dda10
Event: 127.007 Thread 0x000002b1eef69230 flushing  nmethod 0x000002b1de8de990
Event: 127.007 Thread 0x000002b1eef69230 flushing  nmethod 0x000002b1de8e1f10

Events (20 events):
Event: 313.008 Thread 0x000002b1f5b06db0 Thread added: 0x000002b1f6c3f200
Event: 313.015 Thread 0x000002b1f5b06db0 Thread added: 0x000002b1f6c3eb70
Event: 313.061 Thread 0x000002b1f6c3b6f0 Thread exited: 0x000002b1f6c3b6f0
Event: 313.100 Thread 0x000002b1f5b06db0 Thread added: 0x000002b1f6c3b6f0
Event: 313.101 Thread 0x000002b1f5b06db0 Thread added: 0x000002b1f6c3f890
Event: 313.105 Thread 0x000002b1f6c3f200 Thread exited: 0x000002b1f6c3f200
Event: 313.120 Thread 0x000002b1f5b06db0 Thread added: 0x000002b1f6c405b0
Event: 313.121 Thread 0x000002b1f5b06db0 Thread added: 0x000002b1f6c3ff20
Event: 313.147 Thread 0x000002b1f6c3b6f0 Thread exited: 0x000002b1f6c3b6f0
Event: 313.191 Thread 0x000002b1f6c41960 Thread exited: 0x000002b1f6c41960
Event: 313.241 Thread 0x000002b1f5b06db0 Thread added: 0x000002b1f6c41960
Event: 313.271 Thread 0x000002b1f6c42680 Thread exited: 0x000002b1f6c42680
Event: 313.271 Thread 0x000002b1f6c3d130 Thread exited: 0x000002b1f6c3d130
Event: 313.278 Thread 0x000002b1f6c3de50 Thread exited: 0x000002b1f6c3de50
Event: 313.305 Thread 0x000002b1f6c3f890 Thread exited: 0x000002b1f6c3f890
Event: 313.312 Thread 0x000002b1f6c3eb70 Thread exited: 0x000002b1f6c3eb70
Event: 313.325 Thread 0x000002b1f6c41960 Thread exited: 0x000002b1f6c41960
Event: 313.332 Thread 0x000002b1f6c3ff20 Thread exited: 0x000002b1f6c3ff20
Event: 313.339 Thread 0x000002b1f6c3c410 Thread exited: 0x000002b1f6c3c410
Event: 313.339 Thread 0x000002b1f6c3e4e0 Thread exited: 0x000002b1f6c3e4e0


Dynamic libraries:
0x00007ff721820000 - 0x00007ff72182e000 	c:\Users\Darnelle\.vscode\extensions\redhat.java-1.41.1-win32-x64\jre\21.0.6-win32-x86_64\bin\java.exe
0x00007ffb56660000 - 0x00007ffb56869000 	C:\WINDOWS\SYSTEM32\ntdll.dll
0x00007ffb54c90000 - 0x00007ffb54d4d000 	C:\WINDOWS\System32\KERNEL32.DLL
0x00007ffb53cd0000 - 0x00007ffb54054000 	C:\WINDOWS\System32\KERNELBASE.dll
0x00007ffb53af0000 - 0x00007ffb53c01000 	C:\WINDOWS\System32\ucrtbase.dll
0x00007ffb4f1a0000 - 0x00007ffb4f1b8000 	c:\Users\Darnelle\.vscode\extensions\redhat.java-1.41.1-win32-x64\jre\21.0.6-win32-x86_64\bin\jli.dll
0x00007ffb54d50000 - 0x00007ffb54efd000 	C:\WINDOWS\System32\USER32.dll
0x00007ffb542c0000 - 0x00007ffb542e6000 	C:\WINDOWS\System32\win32u.dll
0x00007ffb550d0000 - 0x00007ffb550fa000 	C:\WINDOWS\System32\GDI32.dll
0x00007ffb542f0000 - 0x00007ffb5440e000 	C:\WINDOWS\System32\gdi32full.dll
0x00007ffb54410000 - 0x00007ffb544ad000 	C:\WINDOWS\System32\msvcp_win.dll
0x00007ffb4e000000 - 0x00007ffb4e01e000 	c:\Users\Darnelle\.vscode\extensions\redhat.java-1.41.1-win32-x64\jre\21.0.6-win32-x86_64\bin\VCRUNTIME140.dll
0x00007ffb41aa0000 - 0x00007ffb41d45000 	C:\WINDOWS\WinSxS\amd64_microsoft.windows.common-controls_6595b64144ccf1df_6.0.22000.120_none_9d947278b86cc467\COMCTL32.dll
0x00007ffb55b20000 - 0x00007ffb55bc3000 	C:\WINDOWS\System32\msvcrt.dll
0x00007ffb56160000 - 0x00007ffb56191000 	C:\WINDOWS\System32\IMM32.DLL
0x00007ffb50af0000 - 0x00007ffb50afc000 	c:\Users\Darnelle\.vscode\extensions\redhat.java-1.41.1-win32-x64\jre\21.0.6-win32-x86_64\bin\vcruntime140_1.dll
0x00007ffb40150000 - 0x00007ffb401dd000 	c:\Users\Darnelle\.vscode\extensions\redhat.java-1.41.1-win32-x64\jre\21.0.6-win32-x86_64\bin\msvcp140.dll
0x00007ffaf47d0000 - 0x00007ffaf5560000 	c:\Users\Darnelle\.vscode\extensions\redhat.java-1.41.1-win32-x64\jre\21.0.6-win32-x86_64\bin\server\jvm.dll
0x00007ffb55a70000 - 0x00007ffb55b1e000 	C:\WINDOWS\System32\ADVAPI32.dll
0x00007ffb55100000 - 0x00007ffb5519e000 	C:\WINDOWS\System32\sechost.dll
0x00007ffb54fa0000 - 0x00007ffb550c1000 	C:\WINDOWS\System32\RPCRT4.dll
0x00007ffb55760000 - 0x00007ffb557cf000 	C:\WINDOWS\System32\WS2_32.dll
0x00007ffb539c0000 - 0x00007ffb53a0d000 	C:\WINDOWS\SYSTEM32\POWRPROF.dll
0x00007ffb4dfb0000 - 0x00007ffb4dfe3000 	C:\WINDOWS\SYSTEM32\WINMM.dll
0x00007ffb4ca10000 - 0x00007ffb4ca1a000 	C:\WINDOWS\SYSTEM32\VERSION.dll
0x00007ffb539a0000 - 0x00007ffb539b3000 	C:\WINDOWS\SYSTEM32\UMPDC.dll
0x00007ffb52b20000 - 0x00007ffb52b38000 	C:\WINDOWS\SYSTEM32\kernel.appcore.dll
0x00007ffb4f190000 - 0x00007ffb4f19a000 	c:\Users\Darnelle\.vscode\extensions\redhat.java-1.41.1-win32-x64\jre\21.0.6-win32-x86_64\bin\jimage.dll
0x00007ffb516e0000 - 0x00007ffb51901000 	C:\WINDOWS\SYSTEM32\DBGHELP.DLL
0x00007ffb3dc40000 - 0x00007ffb3dc71000 	C:\WINDOWS\SYSTEM32\dbgcore.DLL
0x00007ffb54240000 - 0x00007ffb542bf000 	C:\WINDOWS\System32\bcryptPrimitives.dll
0x00007ffb4eea0000 - 0x00007ffb4eeaf000 	c:\Users\Darnelle\.vscode\extensions\redhat.java-1.41.1-win32-x64\jre\21.0.6-win32-x86_64\bin\instrument.dll
0x00007ffb45b00000 - 0x00007ffb45b1f000 	c:\Users\Darnelle\.vscode\extensions\redhat.java-1.41.1-win32-x64\jre\21.0.6-win32-x86_64\bin\java.dll
0x00007ffb544b0000 - 0x00007ffb54c75000 	C:\WINDOWS\System32\SHELL32.dll
0x00007ffb51b80000 - 0x00007ffb523e2000 	C:\WINDOWS\SYSTEM32\windows.storage.dll
0x00007ffb552f0000 - 0x00007ffb55666000 	C:\WINDOWS\System32\combase.dll
0x00007ffb51a10000 - 0x00007ffb51b77000 	C:\WINDOWS\SYSTEM32\wintypes.dll
0x00007ffb551a0000 - 0x00007ffb5528a000 	C:\WINDOWS\System32\SHCORE.dll
0x00007ffb55970000 - 0x00007ffb559cd000 	C:\WINDOWS\System32\shlwapi.dll
0x00007ffb53a20000 - 0x00007ffb53a45000 	C:\WINDOWS\SYSTEM32\profapi.dll
0x00007ffb40dc0000 - 0x00007ffb40dd8000 	c:\Users\Darnelle\.vscode\extensions\redhat.java-1.41.1-win32-x64\jre\21.0.6-win32-x86_64\bin\zip.dll
0x00007ffb4bd70000 - 0x00007ffb4bd80000 	C:\Users\Darnelle\.vscode\extensions\redhat.java-1.41.1-win32-x64\jre\21.0.6-win32-x86_64\bin\net.dll
0x00007ffb4be70000 - 0x00007ffb4bf84000 	C:\WINDOWS\SYSTEM32\WINHTTP.dll
0x00007ffb52fc0000 - 0x00007ffb53027000 	C:\WINDOWS\system32\mswsock.dll
0x00007ffb40830000 - 0x00007ffb40846000 	C:\Users\Darnelle\.vscode\extensions\redhat.java-1.41.1-win32-x64\jre\21.0.6-win32-x86_64\bin\nio.dll
0x00007ffb4bc60000 - 0x00007ffb4bc70000 	c:\Users\Darnelle\.vscode\extensions\redhat.java-1.41.1-win32-x64\jre\21.0.6-win32-x86_64\bin\verify.dll
0x00007ffb40050000 - 0x00007ffb40095000 	C:\Users\Darnelle\AppData\Roaming\Code\User\globalStorage\redhat.java\1.41.1\config_win\org.eclipse.equinox.launcher\org.eclipse.equinox.launcher.win32.win32.x86_64_1.2.1300.v20250331-1702\eclipse_11911.dll
0x00007ffb557d0000 - 0x00007ffb5596a000 	C:\WINDOWS\System32\ole32.dll
0x00007ffb53290000 - 0x00007ffb532a8000 	C:\WINDOWS\SYSTEM32\CRYPTSP.dll
0x00007ffb52a80000 - 0x00007ffb52ab5000 	C:\WINDOWS\system32\rsaenh.dll
0x00007ffb53060000 - 0x00007ffb5308c000 	C:\WINDOWS\SYSTEM32\USERENV.dll
0x00007ffb533d0000 - 0x00007ffb533f7000 	C:\WINDOWS\SYSTEM32\bcrypt.dll
0x00007ffb531b0000 - 0x00007ffb531bc000 	C:\WINDOWS\SYSTEM32\CRYPTBASE.dll
0x00007ffb52680000 - 0x00007ffb526ad000 	C:\WINDOWS\SYSTEM32\IPHLPAPI.DLL
0x00007ffb559d0000 - 0x00007ffb559d9000 	C:\WINDOWS\System32\NSI.dll
0x00007ffb3f420000 - 0x00007ffb3f469000 	C:\Users\Darnelle\AppData\Local\Temp\jna-1808956281\jna9212441035145330802.dll
0x00007ffb54c80000 - 0x00007ffb54c88000 	C:\WINDOWS\System32\PSAPI.DLL
0x00007ffb4c9f0000 - 0x00007ffb4ca09000 	C:\WINDOWS\SYSTEM32\dhcpcsvc6.DLL
0x00007ffb4ce80000 - 0x00007ffb4ce9e000 	C:\WINDOWS\SYSTEM32\dhcpcsvc.DLL
0x00007ffb4f620000 - 0x00007ffb4f62e000 	C:\Users\Darnelle\.vscode\extensions\redhat.java-1.41.1-win32-x64\jre\21.0.6-win32-x86_64\bin\sunmscapi.dll
0x00007ffb54060000 - 0x00007ffb541c2000 	C:\WINDOWS\System32\CRYPT32.dll
0x00007ffb533a0000 - 0x00007ffb533c8000 	C:\WINDOWS\SYSTEM32\ncrypt.dll
0x00007ffb53360000 - 0x00007ffb53397000 	C:\WINDOWS\SYSTEM32\NTASN1.dll
0x00007ffb52700000 - 0x00007ffb527e7000 	C:\WINDOWS\SYSTEM32\DNSAPI.dll
0x00007ffb41d50000 - 0x00007ffb41d5a000 	C:\Windows\System32\rasadhlp.dll
0x00007ffb465f0000 - 0x00007ffb46671000 	C:\WINDOWS\System32\fwpuclnt.dll
0x00007ffb464f0000 - 0x00007ffb464f9000 	C:\Users\Darnelle\.vscode\extensions\redhat.java-1.41.1-win32-x64\jre\21.0.6-win32-x86_64\bin\extnet.dll

dbghelp: loaded successfully - version: 4.0.5 - missing functions: none
symbol engine: initialized successfully - sym options: 0x614 - pdb path: .;c:\Users\Darnelle\.vscode\extensions\redhat.java-1.41.1-win32-x64\jre\21.0.6-win32-x86_64\bin;C:\WINDOWS\SYSTEM32;C:\WINDOWS\WinSxS\amd64_microsoft.windows.common-controls_6595b64144ccf1df_6.0.22000.120_none_9d947278b86cc467;c:\Users\Darnelle\.vscode\extensions\redhat.java-1.41.1-win32-x64\jre\21.0.6-win32-x86_64\bin\server;C:\Users\Darnelle\AppData\Roaming\Code\User\globalStorage\redhat.java\1.41.1\config_win\org.eclipse.equinox.launcher\org.eclipse.equinox.launcher.win32.win32.x86_64_1.2.1300.v20250331-1702;C:\Users\Darnelle\AppData\Local\Temp\jna-1808956281

VM Arguments:
jvm_args: --add-modules=ALL-SYSTEM --add-opens=java.base/java.util=ALL-UNNAMED --add-opens=java.base/java.lang=ALL-UNNAMED --add-opens=java.base/sun.nio.fs=ALL-UNNAMED -Declipse.application=org.eclipse.jdt.ls.core.id1 -Dosgi.bundles.defaultStartLevel=4 -Declipse.product=org.eclipse.jdt.ls.core.product -Djava.import.generatesMetadataFilesAtProjectRoot=false -DDetectVMInstallationsJob.disabled=true -Dfile.encoding=utf8 -XX:+UseParallelGC -XX:GCTimeRatio=4 -XX:AdaptiveSizePolicyWeight=90 -Dsun.zip.disableMemoryMapping=true -Xmx1G -Xms100m -Xlog:disable -javaagent:c:\Users\Darnelle\.vscode\extensions\redhat.java-1.41.1-win32-x64\lombok\lombok-1.18.36.jar -XX:+HeapDumpOnOutOfMemoryError -XX:HeapDumpPath=c:\Users\Darnelle\AppData\Roaming\Code\User\workspaceStorage\81b9ab7934102c23ad3c2cfd07f69688\redhat.java -Daether.dependencyCollector.impl=bf 
java_command: c:\Users\Darnelle\.vscode\extensions\redhat.java-1.41.1-win32-x64\server\plugins\org.eclipse.equinox.launcher_1.7.0.v20250331-1702.jar -configuration c:\Users\Darnelle\AppData\Roaming\Code\User\globalStorage\redhat.java\1.41.1\config_win -data c:\Users\Darnelle\AppData\Roaming\Code\User\workspaceStorage\81b9ab7934102c23ad3c2cfd07f69688\redhat.java\jdt_ws --pipe=\\.\pipe\lsp-827f063ffce141b750d8577002df60d8-sock
java_class_path (initial): c:\Users\Darnelle\.vscode\extensions\redhat.java-1.41.1-win32-x64\server\plugins\org.eclipse.equinox.launcher_1.7.0.v20250331-1702.jar
Launcher Type: SUN_STANDARD

[Global flags]
    uintx AdaptiveSizePolicyWeight                 = 90                                        {product} {command line}
     intx CICompilerCount                          = 2                                         {product} {ergonomic}
    uintx GCTimeRatio                              = 4                                         {product} {command line}
     bool HeapDumpOnOutOfMemoryError               = true                                   {manageable} {command line}
    ccstr HeapDumpPath                             = c:\Users\Darnelle\AppData\Roaming\Code\User\workspaceStorage\81b9ab7934102c23ad3c2cfd07f69688\redhat.java         {manageable} {command line}
   size_t InitialHeapSize                          = 104857600                                 {product} {command line}
   size_t MaxHeapSize                              = 1073741824                                {product} {command line}
   size_t MaxNewSize                               = 357564416                                 {product} {ergonomic}
   size_t MinHeapDeltaBytes                        = 524288                                    {product} {ergonomic}
   size_t MinHeapSize                              = 104857600                                 {product} {command line}
   size_t NewSize                                  = 34603008                                  {product} {ergonomic}
    uintx NonNMethodCodeHeapSize                   = 5826188                                {pd product} {ergonomic}
    uintx NonProfiledCodeHeapSize                  = 122916026                              {pd product} {ergonomic}
   size_t OldSize                                  = 70254592                                  {product} {ergonomic}
    uintx ProfiledCodeHeapSize                     = 122916026                              {pd product} {ergonomic}
    uintx ReservedCodeCacheSize                    = 251658240                              {pd product} {ergonomic}
     bool SegmentedCodeCache                       = true                                      {product} {ergonomic}
   size_t SoftMaxHeapSize                          = 1073741824                             {manageable} {ergonomic}
     bool UseCompressedOops                        = true                           {product lp64_product} {ergonomic}
     bool UseLargePagesIndividualAllocation        = false                                  {pd product} {ergonomic}
     bool UseParallelGC                            = true                                      {product} {command line}

Logging:
Log output configuration:
 #0: stdout all=off uptime,level,tags foldmultilines=false
 #1: stderr all=off uptime,level,tags foldmultilines=false

Environment Variables:
PATH=C:\Program Files\Common Files\Oracle\Java\javapath;C:\WINDOWS\system32;C:\WINDOWS;C:\WINDOWS\System32\Wbem;C:\WINDOWS\System32\WindowsPowerShell\v1.0\;C:\WINDOWS\System32\OpenSSH\;C:\Program Files\Git\cmd;C:\Users\Darnelle\AppData\Local\Microsoft\WindowsApps;C:\Users\Darnelle\AppData\Local\Programs\Microsoft VS Code\bin;C:\Users\Darnelle\AppData\Local\JetBrains\Toolbox\scripts;
USERNAME=Darnelle
OS=Windows_NT
PROCESSOR_IDENTIFIER=Intel64 Family 6 Model 122 Stepping 8, GenuineIntel
TMP=C:\Users\Darnelle\AppData\Local\Temp
TEMP=C:\Users\Darnelle\AppData\Local\Temp




Periodic native trim disabled

---------------  S Y S T E M  ---------------

OS:
 Windows 11 , 64 bit Build 22000 (10.0.22000.2538)
OS uptime: 0 days 0:56 hours
Hyper-V role detected

CPU: total 2 (initial active 2) (2 cores per cpu, 1 threads per core) family 6 model 122 stepping 8 microcode 0x18, cx8, cmov, fxsr, mmx, 3dnowpref, sse, sse2, sse3, ssse3, sse4.1, sse4.2, popcnt, tsc, tscinvbit, aes, erms, clmul, sha, clflush, clflushopt, hv, rdtscp, rdpid
Processor Information for the first 2 processors :
  Max Mhz: 1101, Current Mhz: 1101, Mhz Limit: 1101

Memory: 4k page, system-wide physical 3916M (268M free)
TotalPageFile size 6409M (AvailPageFile size 7M)
current process WorkingSet (physical memory assigned to process): 706M, peak: 832M
current process commit charge ("private bytes"): 816M, peak: 825M

vm_info: OpenJDK 64-Bit Server VM (21.0.6+7-LTS) for windows-amd64 JRE (21.0.6+7-LTS), built on 2025-01-21T00:00:00Z by "admin" with MS VC++ 17.7 (VS2022)

END.
